dmp_pt_id;radiology_accession_number;main_index;record_id;de_i_id;albumin;smoking_status;pack_years;dnlr;pfs;pfs_censor;os_int;age;histo;ecog;bor;sex;dicom_path;did_mrn;did_acc;has_radiology_segmentation;radiologysegmentationpath;deid;n_lesions;impact_pdl1_same;clinical_pdl1_score;pdl1_image_id;slide_id;pdl1_tiss_site;hobbit_id;pdl1_acc;halo_tumor_quality;js_pdl1_score;impact_tissue_acc;site_lung;hist_adeno;label;liver_mets;brain_mets;tumor_burden;therapy_line;recieves_pdl1_therapy;recieves_pd1_therapy;recieves_combo_therapy;Exposure;TableSpeed;TotalCollimationWidth;XRayTubeCurrent_min;XRayTubeCurrent_max;XRayTubeCurrent_range;scanner_discovery;scanner_lightspeed;scanner_revolution
P-0013653;190430.0;R-89;89;1747308.0;4.0;1;48.0;2.4;5.4;1;;69;Adenocarcinoma;1;3;2;/mskmind_lung/190430/SCANS/2/DICOM;RIA_18-193_000_293;190430.0;1.0;/gpfs/mskmind_ess/data/LUNG_18-193/radiology_segments/190430_AMP.mha;190430.0;1.0;1.0;0.0;453907;453907;lung;HobS16-040415040780;S16-35387;70.0;20.0;S16-35387;1;1;1;0.0;0.0;52.0;2.0;1.0;0.0;1.0;23.0;56.25;40.0;143.0;262.0;119.0;True;False;False
P-0013406;347960.0;R-118;118;1800066.0;2.5;0;0.0;6.5;0.6;1;0.6;69;Adenocarcinoma;1;8;1;/mskmind_lung/347960/SCANS/2/DICOM;RIA_18-193_000_505;347960.0;1.0;/gpfs/mskmind_ess/data/LUNG_18-193/radiology_segments/347960_AMP.mha;347960.0;1.0;1.0;60.0;459288;459288;pleura;HobS16-710553668962;S16-37669;80.0;60.0;S16-37669;0;1;1;0.0;0.0;30.0;2.0;0.0;1.0;0.0;34.0;55.0;20.0;227.0;409.0;182.0;False;True;False
P-0016185;191085.0;R-127;127;1810480.0;3.1;1;45.0;2.0;3.5;1;9.1;72;Adenocarcinoma;1;2;1;/mskmind_lung/191085/SCANS/2/DICOM;RIA_18-193_000_357;191085.0;1.0;/gpfs/mskmind_ess/data/LUNG_18-193/radiology_segments/191085_AMP.mha;191085.0;2.0;1.0;0.0;3369766;3369766;lung;HobS16-719232821598;S16-45030;95.0;0.0;S16-45030;1;1;0;0.0;0.0;34.0;2.0;0.0;1.0;0.0;28.0;56.25;40.0;135.0;380.0;245.0;False;False;True
P-0016224;191135.0;R-29;29;1177546.0;4.0;2;40.0;3.0;7.8;1;7.8;69;Adenocarcinoma;1;3;2;/mskmind_lung/191135/SCANS/2/DICOM;RIA_18-193_000_045;191135.0;0.0;;191135.0;;1.0;0.0;3369684;3369684;bone;HobS16-183957539808;S16-50617;50.0;0.0;S16-50617;0;1;1;0.0;0.0;0.0;2.0;0.0;1.0;0.0;;;;;;;;;
P-0020347;190670.0;R-133;133;1816354.0;3.5;1;10.0;1.9;1.5;1;3.9;53;Adenocarcinoma;1;4;2;/mskmind_lung/190670/SCANS/4/DICOM;RIA_18-193_000_363;190670.0;1.0;/gpfs/mskmind_ess/data/LUNG_18-193/radiology_segments/190670_AMP.mha;190670.0;1.0;2.0;0.0;3369672;3369672;bone;HobS16-292474709884;S16-50673;50.0;0.0;S17-24802;0;1;1;0.0;0.0;45.0;2.0;1.0;0.0;0.0;20.0;78.75;40.0;316.0;380.0;64.0;True;False;False
P-0015296;190883.0;R-130;130;1814279.0;3.8;1;35.0;1.9;14.9;0;;67;NOS;0;2;1;/mskmind_lung/190883/SCANS/2/DICOM;RIA_18-193_000_361;190883.0;1.0;/gpfs/mskmind_ess/data/LUNG_18-193/radiology_segments/190883_AMP.mha;190883.0;1.0;1.0;100.0;499921;499921;adrenal;HobS16-434734495727;S16-53353;95.0;95.0;S16-53353;0;0;0;0.0;0.0;91.0;1.0;0.0;1.0;0.0;16.0;56.25;40.0;120.0;220.0;100.0;True;False;False
P-0015693;347974.0;R-137;137;1826203.0;4.1;0;0.0;2.0;1.1;1;;79;Adenocarcinoma;1;8;1;/mskmind_lung/347974/SCANS/2/DICOM;RIA_18-193_000_519;347974.0;0.0;;347974.0;;1.0;1.0;512406;512406;pleura;HobS16-270506563309;S16-56669;95.0;5.0;S16-56669;0;1;1;0.0;0.0;0.0;1.0;0.0;1.0;1.0;;;;;;;;;
P-0016016;190678.0;R-138;138;1826818.0;4.1;1;6.0;2.6;2.0;1;6.2;82;Adenocarcinoma;1;4;2;/mskmind_lung/190678/SCANS/2/DICOM;RIA_18-193_000_368;190678.0;1.0;/gpfs/mskmind_ess/data/LUNG_18-193/radiology_segments/190678_AMP.mha;190678.0;3.0;1.0;30.0;514599;514599;lung;HobS16-775222539274;S16-58620;95.0;50.0;S16-58620;1;1;1;0.0;1.0;41.0;2.0;0.0;1.0;0.0;15.0;56.25;40.0;119.0;220.0;101.0;True;False;False
P-0015950;190346.0;R-136;136;1823766.0;4.4;1;6.0;1.6;1.2;1;;60;Squamous;1;4;1;/mskmind_lung/190346/SCANS/2/DICOM;RIA_18-193_000_367;190346.0;1.0;/gpfs/mskmind_ess/data/LUNG_18-193/radiology_segments/190346_AMP.mha;190346.0;2.0;1.0;0.0;524041;524041;lung;HobS16-727854485981;S16-58935;95.0;0.0;S16-58935;1;0;1;0.0;0.0;44.0;1.0;0.0;1.0;1.0;21.0;56.25;40.0;123.0;378.0;255.0;False;True;False
P-0017253;190533.0;R-139;139;1828535.0;3.3;2;70.5;4.4;2.1;1;;66;Adenocarcinoma;1;4;1;/mskmind_lung/190533/SCANS/2/DICOM;RIA_18-193_000_369;190533.0;1.0;/gpfs/mskmind_ess/data/LUNG_18-193/radiology_segments/190533_AMP.mha;190533.0;2.0;1.0;0.0;3369634;3369634;bone;HobS16-559543369087;S16-62995;95.0;0.0;S16-62995;0;1;1;1.0;0.0;118.0;2.0;1.0;0.0;0.0;17.0;78.75;40.0;133.0;308.0;175.0;True;False;False
P-0015749;190826.0;R-16;16;396521.0;3.6;1;46.0;0.7;2.9;1;12.6;68;Squamous;1;4;1;/mskmind_lung/190826/SCANS/2/DICOM;RIA_18-193_000_021;190826.0;1.0;/gpfs/mskmind_ess/data/LUNG_18-193/radiology_segments/190826_AA.mha;190826.0;1.0;1.0;0.0;3369650;3369650;pleura;HobS16-688235107843;S16-55740;;0.0;S16-55740;0;0;1;0.0;0.0;14.0;2.0;1.0;0.0;0.0;24.0;56.25;40.0;166.0;381.0;215.0;True;False;False
P-0021291;347988.0;R-157;157;1885908.0;3.8;1;45.0;1.6;22.8;0;;56;Adenocarcinoma;1;2;2;/mskmind_lung/347988/SCANS/2/DICOM;RIA_18-193_000_533;347988.0;1.0;/gpfs/mskmind_ess/data/LUNG_18-193/radiology_segments/347988_NH.mha;347988.0;1.0;1.0;5.0;565806;565806;adrenal;HobS17-274102164889;S17-6145;95.0;10.0;S17-6145;0;1;0;0.0;0.0;39.0;2.0;0.0;1.0;0.0;12.0;56.25;40.0;120.0;278.0;158.0;False;False;True
P-0021696;190817.0;R-162;162;1889290.0;3.2;2;;1.8;1.6;1;2.7;69;Adenocarcinoma;2;4;2;/mskmind_lung/190817/SCANS/2/DICOM;RIA_18-193_000_380;190817.0;0.0;;190817.0;;1.0;0.0;3369844;3369844;lymph node;HobS17-235230770019;S17-5222;80.0;0.0;S17-5222;0;1;1;0.0;0.0;17.0;2.0;0.0;1.0;0.0;;;;;;;;;
P-0018197;190794.0;R-163;163;1889685.0;3.8;2;17.5;2.9;10.5;1;;66;Adenocarcinoma;1;3;1;/mskmind_lung/190794/SCANS/2/DICOM;RIA_18-193_000_381;190794.0;1.0;/gpfs/mskmind_ess/data/LUNG_18-193/radiology_segments/190794_AMP.mha;190794.0;1.0;1.0;0.0;3369855;3369855;lung;HobS17-985183327924;S17-6477;70.0;0.0;S17-6477;1;1;1;0.0;1.0;99.0;2.0;0.0;1.0;0.0;14.0;56.25;40.0;119.0;219.0;100.0;True;False;False
P-0019390;190732.0;R-103;103;1774775.0;4.1;1;42.0;1.5;1.9;1;14.8;69;Adenocarcinoma;0;4;1;/mskmind_lung/190732/SCANS/2/DICOM;RIA_18-193_000_318;190732.0;0.0;;190732.0;;1.0;30.0;3369552;3369552;adrenal;HobS17-897427091981;S17-17181;95.0;30.0;S17-17181;0;1;1;1.0;0.0;38.0;1.0;0.0;1.0;0.0;;;;;;;;;
P-0023902;190647.0;R-180;180;1906773.0;3.6;0;0.0;0.6;1.8;1;7.0;52;Adenocarcinoma;1;4;2;/mskmind_lung/190647/SCANS/2/DICOM;RIA_18-193_000_392;190647.0;1.0;/gpfs/mskmind_ess/data/LUNG_18-193/radiology_segments/190647_AMP.mha;190647.0;1.0;2.0;0.0;3369540;3369540;bone;HobS17-084667988803;S17-21695;;0.0;S17-55875;0;1;1;1.0;0.0;95.0;2.0;0.0;1.0;0.0;14.0;56.25;40.0;119.0;234.0;115.0;False;False;True
P-0022949;190435.0;R-173;173;1890797.0;3.7;2;46.0;2.3;2.7;1;;61;Adenocarcinoma;1;5;1;/mskmind_lung/190435/SCANS/2/DICOM;RIA_18-193_000_387;190435.0;1.0;/gpfs/mskmind_ess/data/LUNG_18-193/radiology_segments/190435_AMP.mha;190435.0;2.0;2.0;80.0;718022;718022;lung;HobS17-563290934215;S17-48481;95.0;80.0;C17-10582;1;1;1;0.0;0.0;91.0;1.0;0.0;1.0;0.0;10.0;56.25;40.0;118.0;217.0;99.0;False;True;False
P-0013719;190836.0;R-120;120;1802605.0;3.9;0;0.0;1.2;2.2;1;17.9;68;Adenocarcinoma;1;4;2;/mskmind_lung/190836/SCANS/2/DICOM;RIA_18-193_000_349;190836.0;1.0;/gpfs/mskmind_ess/data/LUNG_18-193/radiology_segments/190836_AMP.mha;190836.0;1.0;2.0;60.0;3369521;3369521;bone;HobS17-810483260313;S17-26906;60.0;60.0;H16-4759;0;1;1;1.0;0.0;46.0;4.0;1.0;0.0;0.0;16.0;56.25;40.0;119.0;264.0;145.0;False;False;True
P-0010514;190734.0;R-22;22;1132868.0;3.4;1;54.0;0.9;6.9;1;;63;Adenocarcinoma;1;2;2;/mskmind_lung/190734/SCANS/2/DICOM;RIA_18-193_000_039;190734.0;1.0;/gpfs/mskmind_ess/data/LUNG_18-193/radiology_segments/190734_AMP.mha;190734.0;1.0;2.0;90.0;3369510;3369510;mediastinum;HobS17-706271549950;S17-27099;50.0;90.0;S11-46430;0;1;0;0.0;0.0;29.0;4.0;0.0;1.0;0.0;8.0;78.75;40.0;119.0;131.0;12.0;False;False;True
P-0031112;190876.0;R-184;184;1915277.0;3.3;2;48.0;1.6;5.7;1;21.5;64;Squamous;1;2;2;/mskmind_lung/190876/SCANS/2/DICOM;RIA_18-193_000_396;190876.0;1.0;/gpfs/mskmind_ess/data/LUNG_18-193/radiology_segments/190876_AMP.mha;190876.0;2.0;2.0;70.0;679967;679967;lung;HobS17-186728287241;S17-27423;95.0;70.0;S18-42771;1;0;0;0.0;0.0;175.0;1.0;0.0;1.0;0.0;13.0;56.25;40.0;120.0;369.0;249.0;False;False;True
P-0020643;190960.0;R-183;183;1914974.0;3.9;2;40.0;3.9;9.0;1;;65;Squamous;1;2;2;/mskmind_lung/190960/SCANS/2/DICOM;RIA_18-193_000_395;190960.0;1.0;/gpfs/mskmind_ess/data/LUNG_18-193/radiology_segments/190960_AMP.mha;190960.0;1.0;1.0;10.0;679972;679972;adrenal;HobS17-001252371187;S17-27419;95.0;10.0;S17-27419;0;0;0;0.0;0.0;67.0;2.0;0.0;1.0;0.0;31.0;56.25;40.0;321.0;379.0;58.0;True;False;False
P-0014285;190908.0;R-125;125;1808792.0;4.1;1;15.0;2.4;12.0;1;;62;Adenocarcinoma;0;2;2;/mskmind_lung/190908/SCANS/2/DICOM;RIA_18-193_000_353;190908.0;1.0;/gpfs/mskmind_ess/data/LUNG_18-193/radiology_segments/190908_AMP_small4voxels_at_328_316_88_removed_AA.mha;190908.0;2.0;2.0;90.0;642622;642622;lymph node;HobS17-335448713243;S17-31100;95.0;95.0;S16-47105;0;1;0;0.0;0.0;90.0;1.0;0.0;1.0;0.0;23.0;56.25;40.0;134.0;381.0;247.0;True;False;False
P-0021797;190439.0;R-181;181;1909126.0;4.2;1;13.5;1.2;18.3;1;;38;Adenocarcinoma;1;1;1;/mskmind_lung/190439/SCANS/2/DICOM;RIA_18-193_000_393;190439.0;1.0;/gpfs/mskmind_ess/data/LUNG_18-193/radiology_segments/190439_AMP.mha;190439.0;1.0;1.0;60.0;679930;679930;lung;HobS17-251166392991;S17-33738;95.0;60.0;S17-33738;1;1;0;0.0;0.0;32.0;1.0;0.0;1.0;0.0;21.0;78.75;40.0;126.0;379.0;253.0;True;False;False
P-0022103;347869.0;R-5;5;321376.0;3.7;2;15.0;1.2;2.5;1;;72;Adenocarcinoma;0;4;2;/mskmind_lung/347869/SCANS/2/DICOM;RIA_18-193_000_414;347869.0;0.0;;347869.0;;1.0;70.0;675423;675423;lung;HobS17-228749785910;S17-37643;95.0;80.0;S17-37643;1;1;1;0.0;0.0;48.0;2.0;0.0;1.0;0.0;;;;;;;;;
P-0022011;190342.0;R-152;152;1880625.0;3.4;1;61.5;2.2;7.5;1;13.9;80;Adenocarcinoma;1;2;1;/mskmind_lung/190342/SCANS/2/DICOM;RIA_18-193_000_376;190342.0;1.0;/gpfs/mskmind_ess/data/LUNG_18-193/radiology_segments/190342_AMP.mha;190342.0;1.0;1.0;5.0;sharedrive;HobS17-885835121233 PD-L1;adrenal;HobS17-885835121233;S17-37467;95.0;5.0;S17-37467;0;1;0;1.0;0.0;63.0;2.0;0.0;1.0;0.0;17.0;78.75;40.0;122.0;275.0;153.0;False;True;False
P-0012056;190787.0;R-108;108;1782076.0;3.8;1;70.0;2.9;1.3;1;3.6;63;Adenocarcinoma;1;4;1;/mskmind_lung/190787/SCANS/2/DICOM;RIA_18-193_000_327;190787.0;0.0;;190787.0;;1.0;0.0;3369570;3369570;liver;HobS17-053626062411;S17-40846;;;S17-40846;0;1;1;1.0;0.0;22.0;2.0;1.0;0.0;0.0;;;;;;;;;
P-0022301;191113.0;R-195;195;1929336.0;3.0;1;30.0;2.0;2.5;1;3.9;76;Squamous;1;6;1;/mskmind_lung/191113/SCANS/2/DICOM;RIA_18-193_000_399;191113.0;1.0;/gpfs/mskmind_ess/data/LUNG_18-193/radiology_segments/191113_AMP.mha;191113.0;1.0;1.0;1.0;682887;682887;lung;HobS17-879434708494;S17-40850;95.0;1.0;S17-40850;1;0;1;0.0;0.0;67.0;2.0;0.0;1.0;0.0;15.0;56.25;40.0;120.0;250.0;130.0;False;False;True
P-0022377;190420.0;R-197;197;1934326.0;3.6;2;38.7;1.9;1.9;1;5.0;63;Adenocarcinoma;1;4;1;/mskmind_lung/190420/SCANS/2/DICOM;RIA_18-193_000_400;190420.0;1.0;/gpfs/mskmind_ess/data/LUNG_18-193/radiology_segments/190420_AMP.mha;190420.0;3.0;1.0;0.0;3369583;3369583;lung;HobS17-873198918388;S17-42446;95.0;50.0;S17-42446;1;1;1;0.0;1.0;98.0;2.0;1.0;0.0;0.0;15.0;78.75;40.0;140.0;318.0;178.0;True;False;False
P-0022808;348017.0;R-196;196;1930371.0;3.9;0;0.0;4.7;2.8;1;3.6;75;Adenocarcinoma;1;4;2;/mskmind_lung/348017/SCANS/2/DICOM;RIA_18-193_000_562;348017.0;1.0;/gpfs/mskmind_ess/data/LUNG_18-193/radiology_segments/348017_NH_UPDATED.mha;348017.0;1.0;1.0;1.0;685813;685813;bone;HobS17-124554110580;S17-42509;80.0;1.0;S17-42509;0;1;1;1.0;1.0;22.0;2.0;0.0;1.0;0.0;11.0;56.25;40.0;119.0;219.0;100.0;False;False;True
P-0010927;190939.0;R-44;44;1537232.0;4.1;1;8.0;2.2;24.0;0;;67;Adenocarcinoma;0;2;2;/mskmind_lung/190939/SCANS/2/DICOM;RIA_18-193_000_120;190939.0;1.0;/gpfs/mskmind_ess/data/LUNG_18-193/radiology_segments/190939_AMP.mha;190939.0;2.0;1.0;60.0;704652;704652;soft tissue (L3);HobS17-193838034559;S17-47696;95.0;50.0;S17-47696;0;1;0;1.0;0.0;102.0;4.0;1.0;0.0;0.0;10.0;56.25;40.0;119.0;219.0;100.0;True;False;False
P-0025657;348022.0;R-200;200;1945593.0;3.1;0;0.0;3.3;2.1;1;;68;NOS;1;3;2;/mskmind_lung/348022/SCANS/2/DICOM;RIA_18-193_000_567;348022.0;0.0;;348022.0;;2.0;90.0;732453;732453;lymph node;HobS17-115477439659;S17-52527;95.0;90.0;S18-52654;0;0;1;0.0;0.0;25.0;2.0;0.0;1.0;0.0;;;;;;;;;
P-0008422;190516.0;R-90;90;1747578.0;3.9;1;30.0;3.3;21.9;0;;69;Squamous;0;2;1;/mskmind_lung/190516/SCANS/2/DICOM;RIA_18-193_000_294;190516.0;1.0;/gpfs/mskmind_ess/data/LUNG_18-193/radiology_segments/190516_AMP.mha;190516.0;3.0;1.0;40.0;987842;987842;lung;HobS17-065091129355;S17-41347;95.0;30.0;S17-41347;1;0;0;0.0;0.0;25.0;1.0;0.0;1.0;0.0;19.0;78.75;40.0;262.0;378.0;116.0;True;False;False
P-0025245;347976.0;R-141;141;1829817.0;4.3;1;18.0;2.8;3.5;1;6.2;43;Adenocarcinoma;0;4;1;/mskmind_lung/347976/SCANS/2/DICOM;RIA_18-193_000_521;347976.0;1.0;/gpfs/mskmind_ess/data/LUNG_18-193/radiology_segments/347976_NH.mha;347976.0;3.0;1.0;75.0;877691;877691;lung;HobS17-161148218025;S17-63819;95.0;80.0;S17-63819;1;1;1;0.0;0.0;49.0;3.0;0.0;1.0;0.0;23.0;56.25;40.0;119.0;259.0;140.0;True;False;False
P-0014065;191079.0;R-30;30;1190583.0;3.9;2;10.0;1.0;20.0;0;;53;Adenocarcinoma;1;2;2;/mskmind_lung/191079/SCANS/2/DICOM;RIA_18-193_000_047;191079.0;1.0;/gpfs/mskmind_ess/data/LUNG_18-193/radiology_segments/191079_AA.mha;191079.0;3.0;2.0;90.0;3369610;3369610;lung;HobS17-244782152342;S17-69344;95.0;95.0;S16-42452;1;1;0;0.0;0.0;41.0;1.0;0.0;1.0;0.0;20.0;78.75;40.0;300.0;375.0;75.0;True;False;False
P-0031727;347893.0;R-38;38;1418019.0;4.3;1;34.0;2.0;19.7;0;;84;Adenocarcinoma;1;2;2;/mskmind_lung/347893/SCANS/2/DICOM;RIA_18-193_000_438;347893.0;1.0;/gpfs/mskmind_ess/data/LUNG_18-193/radiology_segments/347893_AMP.mha;347893.0;3.0;1.0;100.0;987037;987037;lung;HobS17-923178924812;S17-74628;80.0;95.0;S17-74628;1;1;0;0.0;1.0;97.0;1.0;0.0;1.0;0.0;12.0;56.25;40.0;136.0;379.0;243.0;False;False;True
P-0025465;348038.0;R-215;215;1964682.0;4.0;2;20.0;5.4;12.7;1;;67;Squamous;1;2;1;/mskmind_lung/348038/SCANS/2/DICOM;RIA_18-193_000_583;348038.0;1.0;/gpfs/mskmind_ess/data/LUNG_18-193/radiology_segments/348038_NH.mha;348038.0;1.0;1.0;70.0;1080598;1080598;lymph node;HobS17-157012766445;S17-68377;60.0;80.0;S17-68377;0;0;0;1.0;0.0;47.0;1.0;0.0;1.0;0.0;10.0;56.25;40.0;119.0;219.0;100.0;False;True;False
P-0027133;348042.0;R-222;222;1972238.0;4.1;1;76.5;2.3;1.9;1;1.9;58;Adenocarcinoma;1;8;2;/mskmind_lung/348042/SCANS/2/DICOM;RIA_18-193_000_587;348042.0;1.0;/gpfs/mskmind_ess/data/LUNG_18-193/radiology_segments/348042_NH.mha;348042.0;1.0;1.0;60.0;2215102;2215102;lung;HobS18-602608203507;S18-564;70.0;60.0;S18-564;1;1;1;0.0;1.0;44.0;1.0;0.0;1.0;0.0;10.0;78.75;40.0;119.0;175.0;56.0;False;False;True
P-0027088;348046.0;R-226;226;1978541.0;3.2;1;8.5;4.9;1.0;1;1.0;45;Adenocarcinoma;2;8;1;/mskmind_lung/348046/SCANS/2/DICOM;RIA_18-193_000_591;348046.0;0.0;;348046.0;;1.0;95.0;991962;991962;pleura;HobS18-717793012977;S18-3090;95.0;95.0;S18-3090;0;1;1;0.0;0.0;58.0;1.0;0.0;1.0;0.0;;;;;;;;;
P-0026121;190361.0;R-218;218;1968050.0;2.7;2;50.0;4.9;5.5;1;8.3;70;Adenocarcinoma;1;2;1;/mskmind_lung/190361/SCANS/4/DICOM;RIA_18-193_000_407;190361.0;1.0;/gpfs/mskmind_ess/data/LUNG_18-193/radiology_segments/190361_AMP.mha;190361.0;4.0;1.0;100.0;3369596;3369596;pleura;HobS17-087308912274;S17-70398;95.0;95.0;S17-70398;0;1;0;0.0;0.0;287.0;1.0;0.0;1.0;0.0;19.0;78.75;40.0;201.0;375.0;174.0;True;False;False
P-0033978;191087.0;R-33;33;1277235.0;3.9;2;25.0;1.9;6.2;1;;51;Adenocarcinoma;0;3;2;/mskmind_lung/191087/SCANS/2/DICOM;RIA_18-193_000_048;191087.0;1.0;/gpfs/mskmind_ess/data/LUNG_18-193/radiology_segments/191087_AA.mha;191087.0;2.0;2.0;80.0;955209;955209;lung;HobS17-494265535205;S17-71746;95.0;90.0;S18-50644;1;1;1;0.0;0.0;66.0;2.0;0.0;1.0;0.0;10.0;56.25;40.0;119.0;219.0;100.0;False;True;False
P-0027455;191052.0;R-175;175;1897311.0;3.3;2;60.0;3.8;15.1;1;;72;Squamous;1;3;1;/mskmind_lung/191052/SCANS/4/DICOM;RIA_18-193_000_388;191052.0;1.0;/gpfs/mskmind_ess/data/LUNG_18-193/radiology_segments/191052_AMP.mha;191052.0;1.0;1.0;50.0;988311;988311;lung;HobS17-890662305758;S17-12192;;;S17-12192;1;0;1;0.0;0.0;125.0;1.0;0.0;1.0;0.0;11.0;78.75;40.0;119.0;179.0;60.0;True;False;False
P-0028320;348057.0;R-237;237;1990048.0;3.5;1;30.0;1.9;1.2;1;1.3;60;Adenocarcinoma;1;4;2;/mskmind_lung/348057/SCANS/2/DICOM;RIA_18-193_000_602;348057.0;0.0;;348057.0;;1.0;20.0;996223;996223;lung;HobS18-171659199802;S18-13297;60.0;1.0;S18-13297;1;1;1;1.0;0.0;78.0;2.0;0.0;1.0;0.0;;;;;;;;;
P-0026289;190549.0;R-220;220;1970515.0;4.1;1;;1.7;16.6;1;;58;Adenocarcinoma;1;2;2;/mskmind_lung/190549/SCANS/2/DICOM;RIA_18-193_000_408;190549.0;1.0;/gpfs/mskmind_ess/data/LUNG_18-193/radiology_segments/190549_AMP.mha;190549.0;2.0;1.0;80.0;935685;935685;lung;HobS17-774060438975;S17-73733;95.0;50.0;S17-73733;1;1;0;0.0;0.0;57.0;1.0;0.0;1.0;0.0;13.0;56.25;40.0;120.0;327.0;207.0;True;False;False
P-0028723;190762.0;R-239;239;1994003.0;3.4;1;40.5;2.4;14.9;0;;65;Adenocarcinoma;1;2;1;/mskmind_lung/190762/SCANS/2/DICOM;RIA_18-193_000_410;190762.0;1.0;/gpfs/mskmind_ess/data/LUNG_18-193/radiology_segments/190762_AMP.mha;190762.0;2.0;1.0;100.0;3369223;3369223;pleural fluid;HobS18-124915503066;C18-6982;95.0;95.0;C18-6982;0;1;0;0.0;0.0;33.0;1.0;0.0;1.0;0.0;18.0;78.75;40.0;288.0;379.0;91.0;False;False;True
P-0007493;190323.0;R-66;66;1660739.0;4.0;2;116.0;1.8;5.6;1;;76;Adenocarcinoma;1;2;1;/mskmind_lung/190323/SCANS/2/DICOM;RIA_18-193_000_240;190323.0;1.0;/gpfs/mskmind_ess/data/LUNG_18-193/radiology_segments/190323_AMP.mha;190323.0;1.0;1.0;95.0;3369397;3369397;bone;HobS16-731433646489;S16-14395;95.0;90.0;S16-14395;0;1;0;0.0;0.0;80.0;2.0;0.0;1.0;0.0;25.0;56.25;40.0;120.0;283.0;163.0;True;False;False
P-0006607;191138.0;R-42;42;1520500.0;4.3;0;0.0;2.3;9.4;1;;61;Adenocarcinoma;1;3;1;/mskmind_lung/191138/SCANS/2/DICOM;RIA_18-193_000_112;191138.0;1.0;/gpfs/mskmind_ess/data/LUNG_18-193/radiology_segments/191138_AA.mha;191138.0;1.0;2.0;0.0;3369379;3369379;lung;HobS16-017281723491;S16-20303;;0.0;S15-11122;1;1;1;0.0;0.0;31.0;1.0;0.0;1.0;1.0;24.0;56.25;40.0;144.0;293.0;149.0;True;False;False
P-0002485;190464.0;R-56;56;1615346.0;4.7;1;10.0;2.4;7.4;1;24.2;43;Squamous;1;3;1;/mskmind_lung/190464/SCANS/2/DICOM;RIA_18-193_000_194;190464.0;1.0;/gpfs/mskmind_ess/data/LUNG_18-193/radiology_segments/190464_AMP.mha;190464.0;1.0;2.0;0.0;3369204;3369204;lung;HobS14-199821408350;S14-11427;95.0;5.0;S14-22145;1;0;1;0.0;0.0;92.0;1.0;1.0;0.0;0.0;32.0;56.25;40.0;122.0;368.0;246.0;True;False;False
P-0013656;191007.0;R-111;111;1791269.0;4.5;1;15.0;2.5;2.7;1;4.7;55;Adenocarcinoma;1;4;2;/mskmind_lung/191007/SCANS/2/DICOM;RIA_18-193_000_341;191007.0;1.0;/gpfs/mskmind_ess/data/LUNG_18-193/radiology_segments/191007_AMP.mha;191007.0;1.0;1.0;50.0;3369367;3369367;lymph node;HobS16-115216236140;S16-27774;70.0;60.0;S16-27774;0;1;1;0.0;1.0;21.0;2.0;0.0;1.0;0.0;17.0;56.25;40.0;141.0;345.0;204.0;False;True;False
P-0001987;347891.0;R-35;35;1391069.0;4.3;2;33.0;2.0;16.4;0;;57;Adenocarcinoma;1;2;1;/mskmind_lung/347891/SCANS/2/DICOM;RIA_18-193_000_436;347891.0;0.0;;347891.0;;1.0;80.0;988730;988730;brain;HobS14-814899684367;S14-50987;80.0;80.0;S14-50987;0;1;0;1.0;1.0;53.0;1.0;1.0;0.0;0.0;;;;;;;;;
P-0014207;190626.0;R-1;1;383154.0;3.2;1;35.0;3.9;1.9;1;3.6;78;NOS;1;4;1;/mskmind_lung/190626/SCANS/4/DICOM;RIA_18-193_000_002;190626.0;1.0;/gpfs/mskmind_ess/data/LUNG_18-193/radiology_segments/190626_AA.mha;190626.0;4.0;2.0;40.0;3369752;3369752;bone;HobS16-063003194586;S16-45371;95.0;80.0;C16-18841;0;0;1;0.0;0.0;142.0;1.0;0.0;1.0;0.0;13.0;78.75;40.0;121.0;270.0;149.0;True;False;False
P-0015937;190764.0;R-52;52;1607416.0;3.2;0;0.0;4.8;2.6;1;33.3;73;Adenocarcinoma;1;4;2;/mskmind_lung/190764/SCANS/2/DICOM;RIA_18-193_000_186;190764.0;1.0;/gpfs/mskmind_ess/data/LUNG_18-193/radiology_segments/190764_AMP.mha;190764.0;2.0;2.0;75.0;490063;490063;lung;HobS16-572729713516;S16-50027;;;C14-146;1;1;1;1.0;1.0;123.0;5.0;0.0;1.0;0.0;10.0;56.25;40.0;119.0;219.0;100.0;False;True;False
P-0015987;190948.0;R-36;36;1392165.0;4.1;1;20.0;3.8;3.2;1;10.3;70;Adenocarcinoma;1;5;2;/mskmind_lung/190948/SCANS/2/DICOM;RIA_18-193_000_074;190948.0;0.0;;190948.0;;1.0;0.0;3369660;3369660;liver;HobS16-096159084410;S16-54968;60.0;0.0;S16-54968;0;1;1;1.0;0.0;30.0;1.0;0.0;1.0;0.0;;;;;;;;;
P-0027733;191026.0;R-11;11;431709.0;3.5;1;60.0;2.3;15.6;1;15.6;86;Adenocarcinoma;1;1;1;/mskmind_lung/191026/SCANS/2/DICOM;RIA_18-193_000_014;191026.0;1.0;/gpfs/mskmind_ess/data/LUNG_18-193/radiology_segments/191026_AA.mha;191026.0;2.0;1.0;80.0;3369798;3369798;lung;HobS16-029626334107;S16-64532;95.0;80.0;S16-64532;1;1;0;0.0;0.0;15.0;1.0;0.0;1.0;0.0;12.0;56.25;40.0;119.0;330.0;211.0;True;False;False
P-0010063;191036.0;R-98;98;1764938.0;4.1;1;6.0;1.7;2.6;1;19.4;73;Adenocarcinoma;0;4;1;/mskmind_lung/191036/SCANS/2/DICOM;RIA_18-193_000_312;191036.0;1.0;/gpfs/mskmind_ess/data/LUNG_18-193/radiology_segments/191036_AMP.mha;191036.0;2.0;2.0;0.0;3369815;3369815;lung;HobS16-741060224199;S16-66717;80.0;0.0;S16-7897;1;1;1;0.0;0.0;46.0;2.0;0.0;1.0;0.0;18.0;78.75;40.0;142.0;350.0;208.0;False;True;False
P-0009068;191095.0;R-64;64;1660765.0;3.8;1;28.5;4.1;40.3;0;;73;NOS;1;2;2;/mskmind_lung/191095/SCANS/2/DICOM;RIA_18-193_000_237;191095.0;0.0;;191095.0;;1.0;70.0;3578873;3578873;adrenal;HobS14-888560561614;S14-54544;95.0;90.0;S14-54544;0;0;0;0.0;0.0;50.0;2.0;0.0;1.0;0.0;;;;;;;;;
P-0009473;190972.0;R-87;87;1744568.0;4.0;1;9.0;1.5;40.3;0;;79;Adenocarcinoma;0;2;1;/mskmind_lung/190972/SCANS/2/DICOM;RIA_18-193_000_292;190972.0;0.0;;190972.0;;1.0;80.0;3578891;3578891;unknown;HobS15-536807624430;S15-60990;70.0;80.0;S15-60990;0;1;0;0.0;0.0;46.0;2.0;0.0;1.0;0.0;;;;;;;;;
P-0004588;190747.0;R-18;18;1047649.0;4.1;1;33.75;1.7;49.1;0;;73;Adenocarcinoma;1;2;1;/mskmind_lung/190747/SCANS/2/DICOM;RIA_18-193_000_032;190747.0;1.0;/gpfs/mskmind_ess/data/LUNG_18-193/radiology_segments/190747_AA.mha;190747.0;2.0;2.0;80.0;3578868;3578868;liver;HobS15-865190220306;S15-22167;95.0;95.0;C15-7552;0;1;0;1.0;0.0;124.0;3.0;0.0;1.0;0.0;21.0;56.25;40.0;119.0;241.0;122.0;False;True;False
P-0006071;190371.0;R-77;77;1716184.0;4.3;2;40.0;1.1;4.7;1;21.8;53;Adenocarcinoma;1;3;2;/mskmind_lung/190371/SCANS/2/DICOM;RIA_18-193_000_276;190371.0;1.0;/gpfs/mskmind_ess/data/LUNG_18-193/radiology_segments/190371_AMP.mha;190371.0;3.0;1.0;0.0;3756192;3756192;pleura;HobS15-111574919524;S15-42214;95.0;0.0;S15-42214;0;1;1;0.0;0.0;60.0;2.0;0.0;1.0;0.0;17.0;56.25;40.0;149.0;380.0;231.0;True;False;False
P-0003735;347922.0;R-72;72;1689234.0;3.4;1;2.5;2.8;0.9;1;3.3;68;Adenocarcinoma;1;4;2;/mskmind_lung/347922/SCANS/2/DICOM;RIA_18-193_000_467;347922.0;0.0;;347922.0;;1.0;0.0;3756170;3756170;pleura;HobS15-641522093251;S15-9131;95.0;0.0;S15-9131;0;1;1;0.0;1.0;76.0;4.0;0.0;1.0;0.0;;;;;;;;;
P-0017613;347871.0;R-7;7;822033.0;4.3;1;3.75;2.6;7.0;1;14.0;68;Adenocarcinoma;2;3;2;/mskmind_lung/347871/SCANS/2/DICOM;RIA_18-193_000_416;347871.0;0.0;;347871.0;;1.0;5.0;3756078;3756078;lung;HobS16-813514154523;S16-68538;70.0;5.0;S16-68538;1;1;1;0.0;1.0;25.0;1.0;0.0;1.0;0.0;;;;;;;;;
P-0018517;347874.0;R-13;13;471954.0;4.0;1;80.0;3.6;2.3;1;2.3;80;Adenocarcinoma;1;3;1;/mskmind_lung/347874/SCANS/2/DICOM;RIA_18-193_000_419;347874.0;0.0;;347874.0;;1.0;0.0;3756226;3756226;lung;HobS17-813184157142;S17-9352;95.0;0.0;S17-9352;1;1;1;0.0;1.0;0.0;1.0;0.0;1.0;0.0;;;;;;;;;
P-0010507;347882.0;R-25;25;1139461.0;4.3;0;0.0;1.2;4.1;1;;83;Adenocarcinoma;1;4;1;/mskmind_lung/347882/SCANS/2/DICOM;RIA_18-193_000_427;347882.0;1.0;/gpfs/mskmind_ess/data/LUNG_18-193/radiology_segments/347882_AMP.mha;347882.0;1.0;1.0;0.0;3756254;3756254;lung;HobS17-323002585318;S17-13696;95.0;0.0;S17-13696;1;1;1;0.0;0.0;87.0;2.0;0.0;1.0;0.0;20.0;56.25;40.0;124.0;381.0;257.0;True;False;False
P-0016174;347883.0;R-26;26;1157104.0;3.8;0;0.0;2.8;3.2;1;27.6;72;Adenocarcinoma;0;4;2;/mskmind_lung/347883/SCANS/2/DICOM;RIA_18-193_000_428;347883.0;1.0;/gpfs/mskmind_ess/data/LUNG_18-193/radiology_segments/347883_AMP.mha;347883.0;2.0;1.0;0.0;3756023;3756023;lung;HobS16-382853031133;S16-55943;95.0;0.0;S16-55943;1;1;1;0.0;0.0;85.0;2.0;0.0;1.0;0.0;12.0;56.25;40.0;119.0;219.0;100.0;True;False;False
P-0033979;347897.0;R-40;40;1513459.0;3.0;1;62.5;5.1;4.6;1;;71;Adenocarcinoma;1;2;2;/mskmind_lung/347897/SCANS/2/DICOM;RIA_18-193_000_442;347897.0;1.0;/gpfs/mskmind_ess/data/LUNG_18-193/radiology_segments/347897_AMP.mha;347897.0;1.0;1.0;0.0;3756240;3756240;lung;HobS18-816518528116;S18-54680;95.0;0.0;S18-54680;1;1;0;0.0;0.0;64.0;2.0;1.0;0.0;0.0;33.0;56.25;40.0;120.0;380.0;260.0;False;True;False
P-0006713;347904.0;R-48;48;1571034.0;4.6;1;25.0;1.5;8.5;1;;52;Adenocarcinoma;1;3;2;/mskmind_lung/347904/SCANS/2/DICOM;RIA_18-193_000_449;347904.0;0.0;;347904.0;;1.0;20.0;;;liver;HobS15-438827063103;S15-48158;;;S15-48158;0;1;1;1.0;0.0;15.0;2.0;0.0;1.0;0.0;;;;;;;;;
P-0014061;347914.0;R-62;62;1644849.0;4.0;1;46.0;1.9;9.6;0;;74;Adenocarcinoma;1;3;2;/mskmind_lung/347914/SCANS/2/DICOM;RIA_18-193_000_459;347914.0;1.0;/gpfs/mskmind_ess/data/LUNG_18-193/radiology_segments/347914_AMP.mha;347914.0;1.0;2.0;80.0;3756089;3756089;lung;HobS16-645889031351;S16-42528;60.0;90.0;S18-15064;1;1;1;0.0;1.0;10.0;1.0;0.0;1.0;0.0;9.0;78.75;40.0;119.0;149.0;30.0;True;False;False
P-0003551;347921.0;R-71;71;1685782.0;4.0;0;0.0;1.7;1.3;1;;50;Adenocarcinoma;1;4;2;/mskmind_lung/347921/SCANS/2/DICOM;RIA_18-193_000_466;347921.0;1.0;/gpfs/mskmind_ess/data/LUNG_18-193/radiology_segments/347921_AMP.mha;347921.0;2.0;1.0;0.0;3756130;3756130;lung;HobS17-352878424559;S17-45513;95.0;10.0;S17-45513;1;1;1;0.0;1.0;42.0;2.0;0.0;1.0;0.0;25.0;56.25;40.0;289.0;379.0;90.0;True;False;False
P-0019914;347926.0;R-75;75;1698494.0;3.9;1;10.0;2.0;3.0;1;;68;Adenocarcinoma;1;4;2;/mskmind_lung/347926/SCANS/2/DICOM;RIA_18-193_000_471;347926.0;0.0;;347926.0;;1.0;0.0;3756115;3756115;adrenal;HobS17-568632814864;S17-17449;60.0;0.0;S17-17449;0;1;1;0.0;0.0;24.0;2.0;0.0;1.0;0.0;;;;;;;;;
P-0018557;347933.0;R-82;82;1725267.0;3.9;1;50.0;1.7;1.2;1;1.6;83;Adenocarcinoma;1;4;2;/mskmind_lung/347933/SCANS/2/DICOM;RIA_18-193_000_478;347933.0;0.0;;347933.0;;1.0;1.0;3756275;3756275;liver;HobS17-359149363437;S17-8637;95.0;5.0;S17-8637;0;1;1;1.0;0.0;40.0;2.0;0.0;1.0;0.0;;;;;;;;;
P-0009476;347943.0;R-94;94;1754972.0;3.3;1;20.0;6.5;0.7;1;0.7;58;NOS;1;8;2;/mskmind_lung/347943/SCANS/2/DICOM;RIA_18-193_000_488;347943.0;1.0;/gpfs/mskmind_ess/data/LUNG_18-193/radiology_segments/347943_AMP.mha;347943.0;2.0;1.0;60.0;3756012;3756012;skin, muscle, fat;HobS16-005067133953;S16-3862;95.0;80.0;S16-3862;0;0;1;1.0;1.0;59.0;4.0;0.0;1.0;0.0;16.0;56.25;40.0;148.0;344.0;196.0;True;False;False
P-0009483;347945.0;R-97;97;1759600.0;3.9;1;45.0;3.0;1.4;1;8.9;82;Adenocarcinoma;0;4;2;/mskmind_lung/347945/SCANS/2/DICOM;RIA_18-193_000_490;347945.0;0.0;;347945.0;;2.0;0.0;3756049;3756049;lung;HobS16-252074398449;S16-32422;80.0;0.0;S16-2053;1;1;1;0.0;0.0;0.0;1.0;0.0;1.0;1.0;;;;;;;;;
P-0009952;347947.0;R-100;100;1764922.0;3.7;1;23.0;2.8;2.1;1;12.9;63;Squamous;0;4;1;/mskmind_lung/347947/SCANS/2/DICOM;RIA_18-193_000_492;347947.0;0.0;;347947.0;;1.0;0.0;3756320;3756320;lymph node;HobS16-073883024449;C16-3271;50.0;50.0;C16-3271;0;0;1;0.0;0.0;56.0;2.0;0.0;1.0;0.0;;;;;;;;;
P-0011537;347952.0;R-107;107;1781201.0;3.9;2;6.25;2.0;15.6;1;;70;Squamous;1;3;1;/mskmind_lung/347952/SCANS/2/DICOM;RIA_18-193_000_497;347952.0;1.0;/gpfs/mskmind_ess/data/LUNG_18-193/radiology_segments/347952_AMP.mha;347952.0;1.0;2.0;30.0;3756249;3756249;chest wall;HobS17-922804878949;S17-61470;95.0;30.0;S17-10945;0;0;1;0.0;1.0;18.0;1.0;0.0;1.0;0.0;21.0;78.75;40.0;245.0;379.0;134.0;False;False;True
P-0014451;347953.0;R-109;109;1783356.0;3.9;1;15.0;1.7;0.6;1;7.5;64;Adenocarcinoma;1;4;2;/mskmind_lung/347953/SCANS/2/DICOM;RIA_18-193_000_498;347953.0;1.0;/gpfs/mskmind_ess/data/LUNG_18-193/radiology_segments/347953_AMP.mha;347953.0;3.0;1.0;0.0;3756109;3756109;lung;HobS16-158645355730;S16-47246;70.0;0.0;S16-47246;1;1;1;0.0;0.0;38.0;2.0;0.0;1.0;0.0;30.0;55.0;20.0;311.0;405.0;94.0;False;True;False
P-0012341;347954.0;R-110;110;1790777.0;3.3;0;0.0;6.5;0.6;1;2.8;72;Adenocarcinoma;1;4;2;/mskmind_lung/347954/SCANS/3/DICOM;RIA_18-193_000_499;347954.0;1.0;/gpfs/mskmind_ess/data/LUNG_18-193/radiology_segments/347954_AMP.mha;347954.0;1.0;2.0;0.0;;;ascites;HobS16-879862741384;C16-13092;;0.0;S16-26966;0;1;1;1.0;0.0;27.0;2.0;0.0;1.0;0.0;7.0;78.75;40.0;118.0;402.0;284.0;True;False;False
P-0018179;347956.0;R-113;113;1795655.0;3.0;1;20.0;2.5;1.1;1;23.5;69;NOS;1;4;1;/mskmind_lung/347956/SCANS/2/DICOM;RIA_18-193_000_501;347956.0;1.0;/gpfs/mskmind_ess/data/LUNG_18-193/radiology_segments/347956_AMP.mha;347956.0;1.0;2.0;70.0;4289840;4289840;pleura;HobS16-288245457704;S16-33090;95.0;80.0;S17-3791;0;0;1;0.0;0.0;32.0;1.0;0.0;1.0;1.0;19.0;78.75;40.0;283.0;380.0;97.0;True;False;False
P-0014293;347964.0;R-122;122;1804747.0;3.7;1;30.0;2.4;10.5;0;;88;NOS;1;2;1;/mskmind_lung/347964/SCANS/2/DICOM;RIA_18-193_000_509;347964.0;1.0;/gpfs/mskmind_ess/data/LUNG_18-193/radiology_segments/347964_AMP.mha;347964.0;3.0;1.0;70.0;3756102;3756102;brain;HobS16-410168767485;S16-40288;95.0;90.0;S16-40288;0;0;0;0.0;0.0;77.0;2.0;0.0;1.0;0.0;13.0;56.25;40.0;124.0;380.0;256.0;False;False;True
P-0020422;347983.0;R-150;150;1878927.0;3.8;1;12.25;2.1;1.4;1;2.9;67;Adenocarcinoma;1;4;2;/mskmind_lung/347983/SCANS/2/DICOM;RIA_18-193_000_528;347983.0;1.0;/gpfs/mskmind_ess/data/LUNG_18-193/radiology_segments/347983_NH.mha;347983.0;1.0;1.0;0.0;3756262;3756262;lung;HobS17-651185392155;S17-1292;70.0;1.0;S17-1292;1;1;1;0.0;0.0;187.0;3.0;1.0;0.0;0.0;9.0;78.75;40.0;120.0;144.0;24.0;True;False;False
P-0021375;348007.0;R-186;186;1917805.0;3.4;1;0.5;2.3;1.0;1;1.0;68;Adenocarcinoma;1;8;1;/mskmind_lung/348007/SCANS/2/DICOM;RIA_18-193_000_552;348007.0;1.0;/gpfs/mskmind_ess/data/LUNG_18-193/radiology_segments/348007_NH.mha;348007.0;2.0;1.0;0.0;3756290;3756290;bone;HobS17-025318041019;S17-34094;95.0;0.0;S17-34094;0;1;1;0.0;0.0;76.0;2.0;0.0;1.0;0.0;20.0;56.25;40.0;123.0;317.0;194.0;False;False;True
P-0027713;348008.0;R-187;187;1918591.0;3.4;1;30.0;2.5;1.1;1;;73;Squamous;1;4;1;/mskmind_lung/348008/SCANS/2/DICOM;RIA_18-193_000_553;348008.0;1.0;/gpfs/mskmind_ess/data/LUNG_18-193/radiology_segments/348008_NH.mha;348008.0;2.0;1.0;0.0;3756068;3756068;lung;HobS18-015272367294;S18-6989;95.0;0.0;S18-6989;1;0;1;0.0;1.0;48.0;3.0;0.0;1.0;0.0;11.0;56.25;40.0;118.0;259.0;141.0;False;True;False
P-0030323;348010.0;R-189;189;1921471.0;4.3;1;40.0;3.0;9.5;1;;61;Pleomorphic;0;2;1;/mskmind_lung/348010/SCANS/2/DICOM;RIA_18-193_000_555;348010.0;0.0;;348010.0;;1.0;0.0;3756121;3756121;adrenal;HobS18-208727912893;S18-16136;95.0;10.0;S18-16136;0;0;0;0.0;0.0;74.0;1.0;0.0;1.0;0.0;;;;;;;;;
P-0025018;348011.0;R-190;190;1922611.0;3.1;1;35.0;3.7;1.5;1;1.5;78;Squamous;1;8;1;/mskmind_lung/348011/SCANS/2/DICOM;RIA_18-193_000_556;348011.0;1.0;/gpfs/mskmind_ess/data/LUNG_18-193/radiology_segments/348011_NH_UPDATED.mha;348011.0;4.0;1.0;0.0;3756036;3756036;lymph node;HobS17-390978637153;C17-24896;80.0;0.0;C17-24896;0;0;1;0.0;0.0;71.0;2.0;1.0;0.0;0.0;12.0;56.25;40.0;120.0;281.0;161.0;False;False;True
P-0024467;348014.0;R-192;192;1926599.0;3.8;1;56.0;1.3;7.6;0;;76;Adenocarcinoma;1;2;1;/mskmind_lung/348014/SCANS/2/DICOM;RIA_18-193_000_559;348014.0;1.0;/gpfs/mskmind_ess/data/LUNG_18-193/radiology_segments/348014_NH_UPDATED.mha;348014.0;2.0;1.0;80.0;3756362;3756362;lymph node;HobS17-297677787795;C17-15958;95.0;80.0;C17-15958;0;1;0;0.0;0.0;47.0;2.0;1.0;0.0;0.0;14.0;78.75;40.0;120.0;228.0;108.0;True;False;False
P-0023596;348023.0;R-201;201;1946060.0;3.7;1;0.5;1.0;1.4;1;2.5;62;Adenocarcinoma;1;4;1;/mskmind_lung/348023/SCANS/2/DICOM;RIA_18-193_000_568;348023.0;1.0;/gpfs/mskmind_ess/data/LUNG_18-193/radiology_segments/348023_NH.mha;348023.0;1.0;1.0;0.0;;;lymph node;HobS17-883479484939;C17-22995;;0.0;C17-22995;0;1;1;1.0;1.0;174.0;2.0;0.0;1.0;0.0;13.0;78.75;40.0;119.0;207.0;88.0;False;False;True
P-0023926;348025.0;R-204;204;1947209.0;2.8;2;;2.6;0.8;1;0.8;69;NOS;1;8;2;/mskmind_lung/348025/SCANS/2/DICOM;RIA_18-193_000_570;348025.0;1.0;/gpfs/mskmind_ess/data/LUNG_18-193/radiology_segments/348025_NH.mha;348025.0;1.0;1.0;10.0;3756140;3756140;liver;HobS17-318375072786;S17-55781;95.0;10.0;S17-55781;0;0;1;1.0;0.0;48.0;2.0;0.0;1.0;0.0;10.0;56.25;40.0;120.0;219.0;99.0;False;False;True
P-0024561;348032.0;R-210;210;1950564.0;4.1;0;0.0;2.4;3.3;1;6.8;68;Adenocarcinoma;1;4;2;/mskmind_lung/348032/SCANS/2/DICOM;RIA_18-193_000_577;348032.0;1.0;/gpfs/mskmind_ess/data/LUNG_18-193/radiology_segments/348032_NH.mha;348032.0;2.0;1.0;0.0;3756282;3756282;lung;HobS17-087299190561;S17-61390;95.0;0.0;S17-61390;1;1;1;0.0;0.0;48.0;4.0;1.0;0.0;0.0;14.0;56.25;40.0;120.0;221.0;101.0;False;False;True
P-0027673;348039.0;R-217;217;1967838.0;3.2;1;72.0;2.9;13.5;0;;71;Adenocarcinoma;2;2;2;/mskmind_lung/348039/SCANS/2/DICOM;RIA_18-193_000_584;348039.0;1.0;/gpfs/mskmind_ess/data/LUNG_18-193/radiology_segments/348039_NH.mha;348039.0;1.0;1.0;0.0;3756305;3756305;lymph node;HobS17-598759123991;S17-73508;95.0;0.0;S17-73508;0;1;0;1.0;0.0;51.0;1.0;1.0;0.0;0.0;13.0;56.25;40.0;120.0;269.0;149.0;False;False;True
P-0028173;348047.0;R-227;227;1978556.0;3.9;1;40.0;2.4;1.9;1;3.4;71;Adenocarcinoma;1;4;2;/mskmind_lung/348047/SCANS/2/DICOM;RIA_18-193_000_592;348047.0;1.0;/gpfs/mskmind_ess/data/LUNG_18-193/radiology_segments/348047_NH.mha;348047.0;1.0;1.0;0.0;3756072;3756072;soft tissue (T9);HobS18-598399137594;S18-2652;95.0;0.0;S18-2652;0;1;1;0.0;0.0;10.0;2.0;0.0;1.0;0.0;15.0;56.25;40.0;153.0;380.0;227.0;False;False;True
P-0027855;348052.0;R-231;231;1983128.0;4.1;1;4.5;3.5;2.9;1;2.9;81;Adenocarcinoma;1;8;1;/mskmind_lung/348052/SCANS/4/DICOM;RIA_18-193_000_597;348052.0;1.0;/gpfs/mskmind_ess/data/LUNG_18-193/radiology_segments/348052_NH.mha;348052.0;1.0;1.0;2.0;3755985;3755985;lung;HobS18-960063949330;S18-7747;95.0;5.0;S18-7747;1;1;1;0.0;1.0;30.0;2.0;0.0;1.0;0.0;14.0;78.75;40.0;120.0;223.0;103.0;True;False;False
P-0029975;348060.0;R-241;241;1999355.0;4.2;2;52.0;1.0;11.4;1;;65;Squamous;0;2;1;/mskmind_lung/348060/SCANS/2/DICOM;RIA_18-193_000_605;348060.0;1.0;/gpfs/mskmind_ess/data/LUNG_18-193/radiology_segments/348060_NH.mha;348060.0;3.0;1.0;80.0;4289971;4289971;liver;HobS18-865224748252;S18-22676;95.0;80.0;S18-22676;0;0;0;1.0;0.0;113.0;1.0;0.0;1.0;0.0;28.0;56.25;40.0;191.0;380.0;189.0;True;False;False
P-0030125;348064.0;R-244;244;2002320.0;3.8;2;24.5;1.7;6.4;1;10.7;66;Adenocarcinoma;1;3;2;/mskmind_lung/348064/SCANS/2/DICOM;RIA_18-193_000_609;348064.0;1.0;/gpfs/mskmind_ess/data/LUNG_18-193/radiology_segments/348064_NH.mha;348064.0;1.0;1.0;0.0;3756001;3756001;lung;HobS18-704357102979;S18-21586;90.0;0.0;S18-21586;1;1;1;0.0;0.0;71.0;2.0;0.0;1.0;0.0;15.0;56.25;40.0;119.0;266.0;147.0;False;False;True
P-0032182;348067.0;R-246;246;2015229.0;4.1;2;50.0;6.3;5.0;1;;62;NOS;1;3;2;/mskmind_lung/348067/SCANS/2/DICOM;RIA_18-193_000_612;348067.0;1.0;/gpfs/mskmind_ess/data/LUNG_18-193/radiology_segments/348067_NH.mha;348067.0;4.0;1.0;90.0;3756135;3756135;lung;HobS18-433128250177;S18-33671;95.0;95.0;S18-33671;1;0;1;0.0;0.0;43.0;1.0;0.0;1.0;0.0;9.0;78.75;40.0;119.0;159.0;40.0;False;False;True
P-0003247;347881.0;R-24;24;1138924.0;2.8;1;24.0;3.6;12.5;0;;76;Adenocarcinoma;0;1;2;/mskmind_lung/347881/SCANS/2/DICOM;RIA_18-193_000_426;347881.0;0.0;;347881.0;;1.0;20.0;489645;489645;pelvis;HobS15-209701813672;S15-254;95.0;70.0;S15-254;0;1;0;0.0;0.0;0.0;2.0;0.0;1.0;0.0;;;;;;;;;
P-0014885;190689.0;R-132;132;1814570.0;3.9;1;6.0;2.1;2.6;1;;54;Adenocarcinoma;1;4;2;/mskmind_lung/190689/SCANS/2/DICOM;RIA_18-193_000_362;190689.0;1.0;/gpfs/mskmind_ess/data/LUNG_18-193/radiology_segments/190689_AMP.mha;190689.0;2.0;1.0;90.0;489997;489997;lymph node;HobS16-416808126004;S16-47490;95.0;95.0;S16-47490;0;1;1;0.0;1.0;30.0;2.0;0.0;1.0;0.0;11.0;56.25;40.0;119.0;252.0;133.0;False;True;False
P-0017484;347989.0;R-158;158;1885957.0;3.5;1;60.0;3.1;1.9;1;;80;Squamous;1;7;1;/mskmind_lung/347989/SCANS/2/DICOM;RIA_18-193_000_534;347989.0;1.0;/gpfs/mskmind_ess/data/LUNG_18-193/radiology_segments/347989_NH.mha;347989.0;3.0;1.0;50.0;554968;554968;lung;HobS17-690586156513;S17-2118;95.0;50.0;S17-2118;1;0;1;0.0;0.0;51.0;2.0;0.0;1.0;0.0;9.0;78.75;40.0;119.0;211.0;92.0;False;False;True
P-0034908;347999.0;R-172;172;1897056.0;3.8;2;36.0;1.8;10.7;0;;76;Squamous;2;1;1;/mskmind_lung/347999/SCANS/2/DICOM;RIA_18-193_000_544;347999.0;1.0;/gpfs/mskmind_ess/data/LUNG_18-193/radiology_segments/347999_NH.mha;347999.0;3.0;2.0;50.0;581421;581421;lung;HobS17-891883280858;S17-12294;80.0;60.0;C18-26895;1;0;0;0.0;0.0;23.0;1.0;0.0;1.0;0.0;12.0;78.75;40.0;120.0;256.0;136.0;False;False;True
P-0019599;347990.0;R-159;159;1885479.0;2.5;1;14.0;1.6;0.5;1;0.5;73;Adenocarcinoma;2;8;1;/mskmind_lung/347990/SCANS/2/DICOM;RIA_18-193_000_535;347990.0;1.0;/gpfs/mskmind_ess/data/LUNG_18-193/radiology_segments/347990_NH.mha;347990.0;1.0;1.0;80.0;597881;597881;duodenum;HobS17-273606450067;S17-16632;95.0;80.0;S17-16632;0;1;1;0.0;0.0;60.0;2.0;0.0;1.0;0.0;34.0;55.0;20.0;133.0;380.0;247.0;False;True;False
P-0021470;347910.0;R-58;58;1639152.0;3.8;2;28.0;2.5;2.5;1;15.2;47;Adenocarcinoma;0;4;1;/mskmind_lung/347910/SCANS/2/DICOM;RIA_18-193_000_455;347910.0;1.0;/gpfs/mskmind_ess/data/LUNG_18-193/radiology_segments/347910_AMP.mha;347910.0;1.0;2.0;70.0;627662;627662;lung;HobS17-289511837184;S17-23303;95.0;70.0;S17-8990;1;1;1;0.0;1.0;0.0;1.0;0.0;1.0;0.0;19.0;78.75;40.0;248.0;366.0;118.0;False;True;False
P-0021231;348006.0;R-185;185;1917382.0;3.6;1;75.0;2.5;2.1;1;3.7;55;Squamous;1;5;1;/mskmind_lung/348006/SCANS/2/DICOM;RIA_18-193_000_551;348006.0;1.0;/gpfs/mskmind_ess/data/LUNG_18-193/radiology_segments/348006_NH.mha;348006.0;1.0;1.0;5.0;645588;645588;soft tissue (abdomen);HobS17-507040166458;S17-30906;95.0;5.0;S17-30906;0;0;1;1.0;1.0;60.0;2.0;0.0;1.0;0.0;26.0;56.25;40.0;204.0;379.0;175.0;False;True;False
P-0021034;347876.0;R-17;17;1041586.0;3.5;2;48.0;6.9;10.6;1;;73;Adenocarcinoma;1;2;2;/mskmind_lung/347876/SCANS/2/DICOM;RIA_18-193_000_421;347876.0;1.0;/gpfs/mskmind_ess/data/LUNG_18-193/radiology_segments/347876_AMP.mha;347876.0;3.0;1.0;90.0;679437;679437;pleura;HobS17-954566589108;S17-24068;95.0;95.0;S17-24068;0;1;0;0.0;1.0;15.0;1.0;0.0;1.0;0.0;9.0;78.75;40.0;119.0;256.0;137.0;False;False;True
P-0026958;348049.0;R-228;228;1979933.0;3.2;1;33.75;1.9;0.6;1;;73;Adenocarcinoma;3;7;2;/mskmind_lung/348049/SCANS/2/DICOM;RIA_18-193_000_594;348049.0;1.0;/gpfs/mskmind_ess/data/LUNG_18-193/radiology_segments/348049_NH.mha;348049.0;1.0;1.0;80.0;959478;959478;lung;HobS18-855091713286;S18-4031;95.0;80.0;S18-4031;1;1;1;0.0;1.0;50.0;1.0;0.0;1.0;0.0;18.0;56.25;40.0;119.0;220.0;101.0;True;False;False
P-0024980;348033.0;R-211;211;1952551.0;4.4;2;20.0;7.9;2.0;1;2.5;64;Adenocarcinoma;1;4;2;/mskmind_lung/348033/SCANS/2/DICOM;RIA_18-193_000_578;348033.0;1.0;/gpfs/mskmind_ess/data/LUNG_18-193/radiology_segments/348033_NH.mha;348033.0;2.0;2.0;100.0;982742;982742;lung;HobS18-408791297596;S18-654;70.0;95.0;S18-14676;1;1;1;0.0;1.0;42.0;2.0;0.0;1.0;0.0;10.0;56.25;40.0;120.0;220.0;100.0;False;False;True
P-0029465;347972.0;R-134;134;1818451.0;3.9;2;20.0;0.8;15.2;0;;56;Squamous;1;2;2;/mskmind_lung/347972/SCANS/2/DICOM;RIA_18-193_000_517;347972.0;1.0;/gpfs/mskmind_ess/data/LUNG_18-193/radiology_segments/347972_NH.mha;347972.0;2.0;2.0;1.0;1049320;1049320;lung;HobS18-859767622839;S18-24492;;;S16-51719;1;0;0;0.0;0.0;64.0;1.0;0.0;1.0;0.0;22.0;78.75;40.0;159.0;361.0;202.0;True;False;False
P-0030654;348066.0;R-245;245;2012734.0;3.6;1;60.0;2.2;1.2;1;5.1;75;Squamous;1;4;2;/mskmind_lung/348066/SCANS/2/DICOM;RIA_18-193_000_611;348066.0;1.0;/gpfs/mskmind_ess/data/LUNG_18-193/radiology_segments/348066_NH.mha;348066.0;1.0;1.0;80.0;1065326;1065326;lung;HobS18-493961569132;S18-31146;95.0;80.0;S18-31146;1;0;1;1.0;0.0;92.0;2.0;0.0;1.0;0.0;20.0;56.25;40.0;121.0;306.0;185.0;False;True;False
P-0022291;347986.0;R-156;156;1883599.0;3.9;2;147.0;1.5;2.0;1;8.1;68;Large Cell;1;4;2;/mskmind_lung/347986/SCANS/2/DICOM;RIA_18-193_000_531;347986.0;1.0;/gpfs/mskmind_ess/data/LUNG_18-193/radiology_segments/347986_NH.mha;347986.0;2.0;1.0;1.0;2359747;2359747;lung;HobS18-712205993970;S18-11686;95.0;5.0;S18-11686;1;0;1;0.0;0.0;25.0;1.0;1.0;0.0;0.0;10.0;56.25;40.0;119.0;219.0;100.0;False;True;False
P-0012894;191166.0;R-39;39;1441647.0;4.1;2;12.75;4.0;1.6;1;5.2;58;Adenocarcinoma;1;4;2;/mskmind_lung/191166/SCANS/2/DICOM;RIA_18-193_000_087;191166.0;1.0;/gpfs/mskmind_ess/data/LUNG_18-193/radiology_segments/191166_AMP.mha;191166.0;2.0;2.0;0.0;3369264;3369264;lymph node;HobS17-945375710139;C17-10069;90.0;0.0;S16-31642;0;1;1;0.0;0.0;148.0;2.0;0.0;1.0;0.0;18.0;56.25;40.0;203.0;379.0;176.0;False;False;True
P-0020140;190910.0;R-176;176;1900928.0;3.7;1;165.0;1.4;2.3;1;5.5;72;Adenocarcinoma;1;4;1;/mskmind_lung/190910/SCANS/2/DICOM;RIA_18-193_000_389;190910.0;1.0;/gpfs/mskmind_ess/data/LUNG_18-193/radiology_segments/190910_AMP.mha;190910.0;2.0;2.0;50.0;3369277;3369277;lymph node;HobS17-381329097759;C17-7379;;;S17-36622;0;1;1;0.0;0.0;42.0;1.0;0.0;1.0;0.0;24.0;56.25;40.0;119.0;379.0;260.0;False;False;True
P-0016692;191093.0;R-140;140;1829345.0;2.6;2;30.0;3.4;1.1;1;7.1;71;NOS;1;5;1;/mskmind_lung/191093/SCANS/2/DICOM;RIA_18-193_000_370;191093.0;0.0;;191093.0;;1.0;0.0;3369302;3369302;lung;HobS16-247545100230;C16-28788;90.0;0.0;C16-28788;1;0;1;0.0;1.0;16.0;2.0;0.0;1.0;0.0;;;;;;;;;
P-0023023;190846.0;R-106;106;1778678.0;4.1;1;12.0;2.9;8.4;1;;63;Adenocarcinoma;1;3;1;/mskmind_lung/190846/SCANS/2/DICOM;RIA_18-193_000_322;190846.0;1.0;/gpfs/mskmind_ess/data/LUNG_18-193/radiology_segments/190846_AMP.mha;190846.0;2.0;1.0;1.0;3369314;3369314;lymph node;HobS16-952196077499;C16-7869;;0.0;C16-7869;0;1;1;0.0;0.0;53.0;2.0;0.0;1.0;0.0;28.0;56.25;40.0;205.0;381.0;176.0;True;False;False
P-0018722;191129.0;R-168;168;1895338.0;3.6;1;31.5;6.8;18.8;0;;44;Adenocarcinoma;1;2;2;/mskmind_lung/191129/SCANS/2/DICOM;RIA_18-193_000_385;191129.0;1.0;/gpfs/mskmind_ess/data/LUNG_18-193/radiology_segments/191129_AMP.mha;191129.0;2.0;1.0;70.0;3369564;3369564;lymph node;HobS17-294157172036;S17-11448;95.0;60.0;S17-11448;0;1;0;0.0;0.0;48.0;3.0;0.0;1.0;0.0;17.0;56.25;40.0;173.0;346.0;173.0;False;False;True
P-0022001;190916.0;R-8;8;641497.0;3.4;0;0.0;7.5;1.2;1;6.6;67;Adenocarcinoma;1;4;2;/mskmind_lung/190916/SCANS/2/DICOM;RIA_18-193_000_009;190916.0;1.0;/gpfs/mskmind_ess/data/LUNG_18-193/radiology_segments/190916_AMP.mha;190916.0;2.0;1.0;0.0;3369480;3369480;pleura;HobS17-459082131048;S17-37646;95.0;0.0;S17-37646;0;1;1;0.0;0.0;78.0;2.0;1.0;0.0;0.0;18.0;56.25;40.0;147.0;379.0;232.0;False;False;True
P-0017106;190365.0;R-144;144;1832404.0;3.4;1;60.0;4.0;2.2;1;;67;Adenocarcinoma;1;4;2;/mskmind_lung/190365/SCANS/2/DICOM;RIA_18-193_000_372;190365.0;1.0;/gpfs/mskmind_ess/data/LUNG_18-193/radiology_segments/190365_AMP.mha;190365.0;4.0;1.0;0.0;;;lung;HobS16-231245090980;S16-66078;;;S16-66078;1;1;1;1.0;0.0;123.0;2.0;1.0;0.0;0.0;10.0;56.25;40.0;120.0;220.0;100.0;False;False;True
P-0023464;191203.0;R-151;151;1881305.0;3.1;1;33.0;3.5;5.3;1;8.4;79;Adenocarcinoma;2;3;2;/mskmind_lung/191203/SCANS/2/DICOM;RIA_18-193_000_375;191203.0;1.0;/gpfs/mskmind_ess/data/LUNG_18-193/radiology_segments/191203_AMP.mha;191203.0;2.0;1.0;0.0;3369827;3369827;pleura;HobS17-271419330718;S17-2114;95.0;0.0;S17-2114;0;1;1;0.0;0.0;66.0;2.0;1.0;0.0;0.0;17.0;56.25;40.0;123.0;379.0;256.0;False;True;False
P-0006663;190922.0;R-80;80;1724000.0;4.2;1;30.0;2.9;30.8;0;;64;Adenocarcinoma;0;2;2;/mskmind_lung/190922/SCANS/2/DICOM;RIA_18-193_000_281;190922.0;1.0;/gpfs/mskmind_ess/data/LUNG_18-193/radiology_segments/190922_AMP.mha;190922.0;1.0;1.0;0.0;3393878;3393878;lymph node;HobS15-955308987465;S15-49655;90.0;0.0;S15-49655;0;1;0;0.0;0.0;10.0;2.0;0.0;1.0;0.0;10.0;56.25;40.0;119.0;219.0;100.0;False;True;False
P-0021442;190988.0;R-179;179;1904242.0;3.4;1;58.0;1.6;1.8;1;2.5;66;Adenocarcinoma;1;5;2;/mskmind_lung/190988/SCANS/2/DICOM;RIA_18-193_000_391;190988.0;1.0;/gpfs/mskmind_ess/data/LUNG_18-193/radiology_segments/190988_AMP.mha;190988.0;1.0;1.0;0.0;3756144;3756144;lymph node;HobS17-099446926433;C17-14733;95.0;0.0;C17-14733;0;1;1;0.0;1.0;34.0;2.0;1.0;0.0;0.0;9.0;78.75;40.0;122.0;186.0;64.0;True;False;False
P-0018198;190755.0;R-160;160;1886679.0;3.4;0;0.0;3.8;1.6;1;12.2;45;Large cell;1;4;2;/mskmind_lung/190755/SCANS/2/DICOM;RIA_18-193_000_379;190755.0;1.0;/gpfs/mskmind_ess/data/LUNG_18-193/radiology_segments/190755_AMP.mha;190755.0;1.0;1.0;90.0;;;lymph node;HobS17-923245178926;S17-4030;;;S17-4030;0;0;1;1.0;0.0;50.0;2.0;0.0;1.0;0.0;11.0;78.75;40.0;119.0;186.0;67.0;False;False;True
P-0014458;190622.0;R-121;121;1804366.0;3.7;1;4.0;1.0;19.9;1;19.9;83;Squamous;1;3;1;/mskmind_lung/190622/SCANS/2/DICOM;RIA_18-193_000_351;190622.0;1.0;/gpfs/mskmind_ess/data/LUNG_18-193/radiology_segments/190622_AMP.mha;190622.0;3.0;2.0;60.0;;;lung;HobS16-567485399134;S16-38808;;;S16-40690;1;0;1;1.0;0.0;157.0;1.0;0.0;1.0;1.0;14.0;56.25;40.0;119.0;248.0;129.0;True;False;False
P-0025956;347978.0;R-145;145;1835221.0;3.7;1;25.0;1.3;2.6;1;4.0;71;Adenocarcinoma;0;4;2;/mskmind_lung/347978/SCANS/2/DICOM;RIA_18-193_000_523;347978.0;1.0;/gpfs/mskmind_ess/data/LUNG_18-193/radiology_segments/347978_NH_UPDATED.mha;347978.0;1.0;1.0;0.0;OGW (share drive);;lung;HobS17-351355398292;S17-7353;;0.0;S17-7353;1;1;1;0.0;0.0;12.0;1.0;0.0;1.0;0.0;14.0;78.75;40.0;131.0;243.0;112.0;False;True;False
P-0018043;347889.0;R-32;32;1191661.0;4.0;2;17.5;2.3;2.8;1;7.8;56;Adenocarcinoma;1;6;2;/mskmind_lung/347889/SCANS/2/DICOM;RIA_18-193_000_434;347889.0;0.0;;347889.0;;1.0;0.0;OHQ (share drive);;lung;HobS17-870879615217;S17-3749;;0.0;S17-3749;1;1;1;0.0;0.0;0.0;1.0;0.0;1.0;0.0;;;;;;;;;
P-0017722;191118.0;R-114;114;1795649.0;4.1;1;30.0;1.4;1.3;1;5.9;71;Adenocarcinoma;1;4;1;/mskmind_lung/191118/SCANS/2/DICOM;RIA_18-193_000_343;191118.0;1.0;/gpfs/mskmind_ess/data/LUNG_18-193/radiology_segments/191118_AMP.mha;191118.0;1.0;1.0;0.0;OIE (share drive);;lymph node;HobS16-019622167423;C16-15410;;0.0;C16-15410;0;1;1;0.0;0.0;39.0;2.0;0.0;1.0;0.0;17.0;78.75;40.0;196.0;339.0;143.0;True;False;False
P-0025016;190351.0;R-203;203;1946769.0;3.2;1;37.5;3.1;5.0;1;18.4;78;Adenocarcinoma;1;2;2;/mskmind_lung/190351/SCANS/2/DICOM;RIA_18-193_000_403;190351.0;1.0;/gpfs/mskmind_ess/data/LUNG_18-193/radiology_segments/190351_AMP.mha;190351.0;1.0;1.0;70.0;OJ3 (share drive);PD-L1, OJ3 HobS17-765001497754;pleura;HobS17-765001497754;S17-59462;95.0;70.0;S17-59462;0;1;0;0.0;0.0;22.0;1.0;0.0;1.0;0.0;7.0;78.75;40.0;121.0;360.0;239.0;False;False;True
P-0020755;347971.0;R-131;131;1813933.0;4.0;2;60.0;2.0;1.3;1;18.5;63;Adenocarcinoma;1;4;2;/mskmind_lung/347971/SCANS/2/DICOM;RIA_18-193_000_516;347971.0;1.0;/gpfs/mskmind_ess/data/LUNG_18-193/radiology_segments/347971_NH.mha;347971.0;1.0;2.0;75.0;OKS (share drive);PD-L1, OKS HobS17-692070845994;adrenal;HobS17-692070845994;S17-31920;95.0;50.0;S16-48279;0;1;1;0.0;0.0;75.0;1.0;0.0;1.0;0.0;8.0;78.75;40.0;119.0;133.0;14.0;False;True;False
P-0014736;347959.0;R-117;117;1800316.0;3.6;1;7.5;3.8;0.5;1;1.1;63;Adenocarcinoma;1;4;1;/mskmind_lung/347959/SCANS/2/DICOM;RIA_18-193_000_504;347959.0;1.0;/gpfs/mskmind_ess/data/LUNG_18-193/radiology_segments/347959_AMP.mha;347959.0;3.0;1.0;0.0;OLG (share drive);;soft tissue (chest wall);HobS16-519638638740;S16-36922;;0.0;S16-36922;0;1;1;1.0;1.0;57.0;2.0;0.0;1.0;0.0;15.0;78.75;40.0;130.0;244.0;114.0;True;False;False
P-0017749;347866.0;R-2;2;751746.0;3.9;1;37.5;2.2;5.3;1;20.5;80;Adenocarcinoma;1;3;2;/mskmind_lung/347866/SCANS/2/DICOM;RIA_18-193_000_411;347866.0;0.0;;347866.0;;2.0;0.0;OLS (share drive);PD-L1, OLS HobS16-253460754191;lung;HobS16-253460754191;S16-42081;95.0;5.0;S17-2765;1;1;1;0.0;0.0;0.0;2.0;0.0;1.0;0.0;;;;;;;;;
P-0007068;347935.0;R-85;85;935954.0;4.1;2;21.5;6.2;2.1;1;5.9;65;Squamous;1;4;1;/mskmind_lung/347935/SCANS/2/DICOM;RIA_18-193_000_480;347935.0;0.0;;347935.0;;2.0;0.0;OMG (share drive);PD-L1, OMG HobS16-038724522957;lung;HobS16-038724522957;S16-51685;70.0;20.0;C15-19831;1;0;1;0.0;0.0;16.0;1.0;0.0;1.0;0.0;;;;;;;;;
P-0003250;347906.0;R-51;51;1592856.0;3.5;0;0.0;2.8;0.9;0;;54;Adenocarcinoma;1;3;2;/mskmind_lung/347906/SCANS/2/DICOM;RIA_18-193_000_451;347906.0;1.0;/gpfs/mskmind_ess/data/LUNG_18-193/radiology_segments/347906_AMP.mha;347906.0;1.0;2.0;0.0;OPU (share drive);;lung;HobS16-732717408550;S16-49146;;0.0;S14-65289;1;1;1;0.0;1.0;41.0;3.0;0.0;1.0;0.0;13.0;56.25;40.0;119.0;220.0;101.0;False;False;True
P-0026574;190659.0;R-12;12;806269.0;3.2;1;50.0;2.7;9.3;0;;76;Squamous;1;2;1;/mskmind_lung/190659/SCANS/4/DICOM;RIA_18-193_000_016;190659.0;1.0;/gpfs/mskmind_ess/data/LUNG_18-193/radiology_segments/190659_AA.mha;190659.0;1.0;1.0;30.0;3687340;3687340;lung;HobS17-605645168065;S17-58727;95.0;30.0;S17-58727;1;0;0;0.0;0.0;60.0;2.0;0.0;1.0;0.0;20.0;78.75;40.0;273.0;382.0;109.0;True;False;False
P-0021112;190400.0;R-14;14;941610.0;3.1;0;0.0;6.5;8.3;1;24.5;78;NOS;1;2;2;/mskmind_lung/190400/SCANS/2/DICOM;RIA_18-193_000_018;190400.0;1.0;/gpfs/mskmind_ess/data/LUNG_18-193/radiology_segments/190400_AMP.mha;190400.0;1.0;1.0;90.0;;;lung;HobS17-050049266015;S17-23002;;;S17-23002;1;0;0;1.0;1.0;134.0;1.0;0.0;1.0;0.0;22.0;55.0;20.0;120.0;254.0;134.0;False;True;False
P-0023562;191151.0;R-15;15;131760.0;4.2;1;2.25;2.1;13.8;1;13.8;70;Adenocarcinoma;1;3;2;/mskmind_lung/191151/SCANS/2/DICOM;RIA_18-193_000_020;191151.0;1.0;/gpfs/mskmind_ess/data/LUNG_18-193/radiology_segments/191151_AA.mha;191151.0;1.0;1.0;70.0;sharedrive;HobS17-391338574081 PD-L1;adrenal;HobS17-391338574081;S17-47336;95.0;70.0;S17-47336;0;1;1;0.0;0.0;54.0;1.0;0.0;1.0;0.0;10.0;56.25;40.0;120.0;220.0;100.0;False;False;True
P-0012149;190476.0;R-23;23;1138241.0;4.0;1;7.5;0.6;5.3;1;;69;Adenocarcinoma;1;3;1;/mskmind_lung/190476/SCANS/2/DICOM;RIA_18-193_000_040;190476.0;1.0;/gpfs/mskmind_ess/data/LUNG_18-193/radiology_segments/190476_AMP.mha;190476.0;1.0;1.0;1.0;;;lung;HobS16-388400969152;S16-25031;;;S16-25031;1;1;1;0.0;0.0;38.0;1.0;0.0;1.0;1.0;23.0;56.25;40.0;139.0;379.0;240.0;True;False;False
P-0003635;191201.0;R-34;34;1303420.0;4.2;0;0.0;3.1;1.5;1;2.4;58;Adenocarcinoma;2;4;2;/mskmind_lung/191201/SCANS/2/DICOM;RIA_18-193_000_053;191201.0;1.0;/gpfs/mskmind_ess/data/LUNG_18-193/radiology_segments/191201_AA.mha;191201.0;1.0;2.0;0.0;;;lung;HobS15-499292736912;S15-66814;;;S15-9877;1;1;1;0.0;1.0;41.0;3.0;0.0;1.0;1.0;10.0;56.25;40.0;119.0;219.0;100.0;False;True;False
P-0002921;190412.0;R-46;46;1554821.0;3.5;1;20.0;2.5;6.5;1;11.9;73;Adenocarcinoma;1;3;2;/mskmind_lung/190412/SCANS/2/DICOM;RIA_18-193_000_129;190412.0;0.0;;190412.0;;1.0;0.0;;;lung;HobS13-890508048975;S13-39748;;;S13-39748;1;1;1;0.0;0.0;24.0;2.0;0.0;1.0;0.0;;;;;;;;;
P-0019607;190685.0;R-49;49;1581132.0;3.7;0;0.0;1.9;24.5;1;;76;Adenocarcinoma;1;2;1;/mskmind_lung/190685/SCANS/2/DICOM;RIA_18-193_000_160;190685.0;1.0;/gpfs/mskmind_ess/data/LUNG_18-193/radiology_segments/190685_AA.mha;190685.0;3.0;1.0;90.0;;;lung;HobS15-001363091999;S15-3024;;;S15-3024;1;1;0;0.0;0.0;169.0;3.0;1.0;0.0;0.0;25.0;56.25;40.0;126.0;379.0;253.0;True;False;False
P-0018820;190887.0;R-54;54;1613964.0;4.0;2;21.0;2.2;16.3;1;;61;Adenocarcinoma;1;3;2;/mskmind_lung/190887/SCANS/2/DICOM;RIA_18-193_000_191;190887.0;1.0;/gpfs/mskmind_ess/data/LUNG_18-193/radiology_segments/190887_AMP.mha;190887.0;2.0;2.0;0.0;;;lung;HobS17-780166191950;S17-6958;;;S16-50022;1;1;1;0.0;0.0;24.0;2.0;0.0;1.0;0.0;16.0;78.75;40.0;261.0;380.0;119.0;False;False;True
P-0014529;190983.0;R-57;57;1622757.0;4.4;1;30.0;3.1;34.0;0;;65;Squamous;1;2;2;/mskmind_lung/190983/SCANS/2/DICOM;RIA_18-193_000_205;190983.0;1.0;/gpfs/mskmind_ess/data/LUNG_18-193/radiology_segments/190983_AMP.mha;190983.0;1.0;1.0;20.0;;;lung;HobS16-474653562328;S16-46978;;;S16-46978;1;0;0;0.0;1.0;65.0;1.0;0.0;1.0;0.0;21.0;78.75;40.0;320.0;379.0;59.0;False;True;False
P-0019804;190630.0;R-69;69;1679037.0;4.3;1;14.0;0.8;12.9;1;;69;Adenocarcinoma;1;3;2;/mskmind_lung/190630/SCANS/2/DICOM;RIA_18-193_000_257;190630.0;1.0;/gpfs/mskmind_ess/data/LUNG_18-193/radiology_segments/190630_AMP.mha;190630.0;2.0;2.0;15.0;4584939;4584939;lung;HobS17-789528953380;S17-21404;90.0;20.0;C17-12542;1;1;1;0.0;1.0;74.0;2.0;1.0;0.0;0.0;12.0;56.25;40.0;120.0;221.0;101.0;True;False;False
P-0008944;190605.0;R-81;81;1725524.0;3.2;1;24.0;3.3;1.6;1;10.6;46;Adenocarcinoma;1;4;2;/mskmind_lung/190605/SCANS/2/DICOM;RIA_18-193_000_282;190605.0;1.0;/gpfs/mskmind_ess/data/LUNG_18-193/radiology_segments/190605_AMP.mha;190605.0;1.0;1.0;100.0;;;lung;HobS15-405089398103;S15-64867;;;S15-64867;1;1;1;1.0;1.0;98.0;1.0;0.0;1.0;0.0;10.0;56.25;40.0;120.0;219.0;99.0;True;False;False
P-0007121;190918.0;R-84;84;1730515.0;4.2;1;30.0;6.2;20.5;1;;58;Adenocarcinoma;0;2;2;/mskmind_lung/190918/SCANS/2/DICOM;RIA_18-193_000_286;190918.0;1.0;/gpfs/mskmind_ess/data/LUNG_18-193/radiology_segments/190918_AMP.mha;190918.0;4.0;1.0;1.0;;;lung;HobS15-496118015440;S15-54160;;;S15-54160;1;1;0;1.0;1.0;63.0;1.0;0.0;1.0;0.0;11.0;78.75;40.0;120.0;179.0;59.0;True;False;False
P-0009202;190410.0;R-93;93;1752742.0;4.1;1;29.4;3.0;32.5;0;;66;Squamous;1;2;1;/mskmind_lung/190410/SCANS/2/DICOM;RIA_18-193_000_301;190410.0;1.0;/gpfs/mskmind_ess/data/LUNG_18-193/radiology_segments/190410_AMP.mha;190410.0;2.0;1.0;60.0;;;trachea;HobS15-051682979533;S15-67038;;;S15-67038;0;0;0;0.0;0.0;14.0;2.0;0.0;1.0;0.0;29.0;56.25;40.0;119.0;379.0;260.0;True;False;False
P-0009110;190830.0;R-95;95;1753878.0;3.7;1;28.0;3.3;14.7;1;;54;Adenocarcinoma;0;2;2;/mskmind_lung/190830/SCANS/2/DICOM;RIA_18-193_000_304;190830.0;1.0;/gpfs/mskmind_ess/data/LUNG_18-193/radiology_segments/190830_AMP.mha;190830.0;1.0;1.0;0.0;3687829;3687829;lung;HobS16-168664786132;S16-1227;95.0;0.0;S16-1227;1;1;0;1.0;1.0;69.0;3.0;0.0;1.0;0.0;15.0;56.25;40.0;120.0;380.0;260.0;False;False;True
P-0016646;190547.0;R-116;116;1797254.0;3.6;1;12.0;2.3;1.8;1;4.3;76;Adenocarcinoma;1;4;1;/mskmind_lung/190547/SCANS/2/DICOM;RIA_18-193_000_346;190547.0;0.0;;190547.0;;1.0;0.0;;;lung;HobS16-366898963362;S16-34948;;0.0;S16-34948;1;1;1;0.0;0.0;28.0;2.0;0.0;1.0;0.0;;;;;;;;;
P-0020076;190451.0;R-119;119;1800440.0;3.8;2;47.0;1.8;2.2;1;;62;Adenosquamous;1;4;1;/mskmind_lung/190451/SCANS/2/DICOM;RIA_18-193_000_348;190451.0;1.0;/gpfs/mskmind_ess/data/LUNG_18-193/radiology_segments/190451_AMP.mha;190451.0;1.0;1.0;0.0;;;lung;HobS17-096210973403;S17-23981;;0.0;S17-23981;1;0;1;0.0;0.0;17.0;2.0;1.0;0.0;0.0;14.0;78.75;40.0;119.0;235.0;116.0;True;False;False
P-0026552;190866.0;R-142;142;1832085.0;3.4;1;33.0;2.3;8.4;1;;66;Large cell;1;2;2;/mskmind_lung/190866/SCANS/2/DICOM;RIA_18-193_000_371;190866.0;1.0;/gpfs/mskmind_ess/data/LUNG_18-193/radiology_segments/190866_AMP.mha;190866.0;4.0;2.0;0.0;4289913;4289913;lymph node;HobS17-738472762807;S17-54606;95.0;5.0;S18-37145;0;0;0;0.0;1.0;105.0;2.0;0.0;1.0;0.0;26.0;56.25;40.0;150.0;302.0;152.0;False;True;False
P-0017437;190398.0;R-148;148;1878981.0;3.3;1;2.5;0.9;2.4;1;10.1;67;Adenocarcinoma;1;4;2;/mskmind_lung/190398/SCANS/7/DICOM;RIA_18-193_000_374;190398.0;0.0;;190398.0;;1.0;0.0;;;lung;HobS16-327286201507;S16-68365;;;S16-68365;1;1;1;0.0;0.0;0.0;3.0;0.0;1.0;0.0;;;;;;;;;
P-0020011;190834.0;R-155;155;1884924.0;3.8;1;25.0;5.1;20.2;1;21.1;79;Adenocarcinoma;1;2;1;/mskmind_lung/190834/SCANS/2/DICOM;RIA_18-193_000_377;190834.0;1.0;/gpfs/mskmind_ess/data/LUNG_18-193/radiology_segments/190834_AMP.mha;190834.0;1.0;1.0;95.0;;;soft tissue (L2);HobS17-171728259904;S17-3771;;;S17-3771;0;1;0;0.0;0.0;167.0;1.0;0.0;1.0;0.0;20.0;56.25;40.0;177.0;379.0;202.0;False;False;True
P-0025917;190757.0;R-216;216;1963255.0;3.3;1;37.0;13.8;1.7;1;4.4;62;Adenocarcinoma;2;4;2;/mskmind_lung/190757/SCANS/2/DICOM;RIA_18-193_000_406;190757.0;1.0;/gpfs/mskmind_ess/data/LUNG_18-193/radiology_segments/190757_AMP.mha;190757.0;2.0;1.0;0.0;4289872;4289872;lung;HobS17-197852051385;S17-73375;;0.0;S17-73375;1;1;1;0.0;0.0;201.0;2.0;0.0;1.0;0.0;12.0;56.25;40.0;119.0;219.0;100.0;False;False;True
P-0029148;191120.0;R-232;232;1985660.0;3.1;1;10.0;1.3;9.7;1;;68;Adenocarcinoma;1;2;1;/mskmind_lung/191120/SCANS/2/DICOM;RIA_18-193_000_409;191120.0;1.0;/gpfs/mskmind_ess/data/LUNG_18-193/radiology_segments/191120_AMP.mha;191120.0;2.0;1.0;90.0;share drive;HobS18-659121455267 PD-L1;lung;HobS18-659121455267;S18-9751;95.0;90.0;S18-9751;1;1;0;0.0;1.0;127.0;1.0;0.0;1.0;0.0;18.0;56.25;40.0;183.0;380.0;197.0;True;False;False
P-0016542;347867.0;R-3;3;114933.0;3.0;1;100.0;2.3;1.4;1;1.4;79;Squamous;2;8;1;/mskmind_lung/347867/SCANS/2/DICOM;RIA_18-193_000_412;347867.0;1.0;/gpfs/mskmind_ess/data/LUNG_18-193/radiology_segments/347867_AMP.mha;347867.0;1.0;1.0;0.0;;;bone;HobS16-792786991124;S16-62852;;;S16-62852;0;0;1;0.0;0.0;73.0;2.0;0.0;1.0;0.0;21.0;78.75;40.0;301.0;381.0;80.0;True;False;False
P-0023779;347868.0;R-4;4;317798.0;3.2;1;17.25;0.9;1.6;1;1.6;74;NOS;1;3;1;/mskmind_lung/347868/SCANS/2/DICOM;RIA_18-193_000_413;347868.0;1.0;/gpfs/mskmind_ess/data/LUNG_18-193/radiology_segments/347868_AMP.mha;347868.0;2.0;1.0;0.0;3687755;3687755;lung;HobS17-873050609275;S17-51582;95.0;0.0;S17-51582;1;0;1;1.0;1.0;90.0;2.0;1.0;0.0;0.0;16.0;56.25;40.0;120.0;381.0;261.0;True;False;False
P-0019700;347870.0;R-6;6;329901.0;3.3;1;49.0;1.2;20.2;1;;81;Adenocarcinoma;1;3;2;/mskmind_lung/347870/SCANS/2/DICOM;RIA_18-193_000_415;347870.0;1.0;/gpfs/mskmind_ess/data/LUNG_18-193/radiology_segments/347870_AMP.mha;347870.0;2.0;2.0;0.0;;;lung;HobS16-982883400796;S16-60104;;;S12-51478;1;1;1;0.0;0.0;76.0;2.0;1.0;0.0;0.0;10.0;56.25;40.0;119.0;219.0;100.0;False;False;True
P-0023260;347872.0;R-9;9;814808.0;3.5;1;20.0;4.3;1.5;1;1.5;79;Adenocarcinoma;1;3;1;/mskmind_lung/347872/SCANS/2/DICOM;RIA_18-193_000_417;347872.0;1.0;/gpfs/mskmind_ess/data/LUNG_18-193/radiology_segments/347872_AMP.mha;347872.0;1.0;1.0;0.0;;;lung;HobS17-157740996121;S17-48999;;;S17-48999;1;1;1;0.0;0.0;53.0;2.0;0.0;1.0;0.0;12.0;56.25;40.0;119.0;243.0;124.0;False;False;True
P-0015529;347873.0;R-10;10;774845.0;3.3;1;98.0;2.1;1.8;1;1.9;76;Adenocarcinoma;1;4;2;/mskmind_lung/347873/SCANS/2/DICOM;RIA_18-193_000_418;347873.0;1.0;/gpfs/mskmind_ess/data/LUNG_18-193/radiology_segments/347873_AMP.mha;347873.0;1.0;2.0;0.0;3687736;3687736;soft tissue (glenoid);HobS16-589464190100;S16-47357;95.0;0.0;S16-54806;0;1;1;0.0;0.0;51.0;2.0;0.0;1.0;0.0;22.0;78.75;40.0;275.0;381.0;106.0;True;False;False
P-0021266;347877.0;R-19;19;1061659.0;4.3;1;7.5;10.0;9.3;1;18.7;54;Adenocarcinoma;1;1;2;/mskmind_lung/347877/SCANS/2/DICOM;RIA_18-193_000_422;347877.0;0.0;;347877.0;;1.0;0.0;4289891;4289891;brain;HobS16-647090699390;S16-65712;95.0;5.0;S16-65712;0;1;0;0.0;1.0;0.0;2.0;0.0;1.0;0.0;;;;;;;;;
P-0015075;347878.0;R-20;20;1063360.0;3.1;1;10.0;6.2;0.4;1;11.3;59;Adenocarcinoma;1;4;1;/mskmind_lung/347878/SCANS/2/DICOM;RIA_18-193_000_423;347878.0;1.0;/gpfs/mskmind_ess/data/LUNG_18-193/radiology_segments/347878_AMP.mha;347878.0;1.0;1.0;0.0;3687726;3687726;lung;HobS16-100543090509;S16-47266;95.0;0.0;S16-47266;1;1;1;0.0;0.0;112.0;4.0;0.0;1.0;0.0;16.0;56.25;40.0;121.0;272.0;151.0;False;False;True
P-0016175;347879.0;R-21;21;1074067.0;2.9;1;45.0;8.4;1.4;1;1.4;76;Adenocarcinoma;1;8;2;/mskmind_lung/347879/SCANS/2/DICOM;RIA_18-193_000_424;347879.0;1.0;/gpfs/mskmind_ess/data/LUNG_18-193/radiology_segments/347879_AMP.mha;347879.0;3.0;2.0;25.0;3343292;3343292;lung;HobS16-972241650038;S16-40476;95.0;75.0;S16-45011;1;1;1;0.0;1.0;124.0;2.0;0.0;1.0;0.0;13.0;56.25;40.0;142.0;295.0;153.0;False;True;False
P-0003275;347885.0;R-27;27;1159879.0;4.1;1;20.0;3.0;5.5;1;16.6;69;Adenocarcinoma;1;3;1;/mskmind_lung/347885/SCANS/2/DICOM;RIA_18-193_000_430;347885.0;0.0;;347885.0;;1.0;0.0;3687793;3687793;lung;HobS14-924960484726;S14-64242;95.0;0.0;S14-64242;1;1;1;0.0;0.0;0.0;2.0;0.0;1.0;0.0;;;;;;;;;
P-0004476;347887.0;R-28;28;1173936.0;3.4;1;20.0;2.4;1.3;1;20.8;67;Adenocarcinoma;1;4;2;/mskmind_lung/347887/SCANS/2/DICOM;RIA_18-193_000_432;347887.0;1.0;/gpfs/mskmind_ess/data/LUNG_18-193/radiology_segments/347887_AMP.mha;347887.0;2.0;2.0;5.0;share drive;HobS15-253794665782 PD-L1;pleura;HobS15-253794665782;S15-20820;95.0;5.0;S15-18264;0;1;1;1.0;0.0;50.0;1.0;0.0;1.0;0.0;13.0;56.25;40.0;129.0;332.0;203.0;False;True;False
P-0018599;347888.0;R-31;31;1191664.0;3.7;1;42.5;30.2;1.2;1;1.2;63;Squamous;1;8;1;/mskmind_lung/347888/SCANS/2/DICOM;RIA_18-193_000_433;347888.0;1.0;/gpfs/mskmind_ess/data/LUNG_18-193/radiology_segments/347888_AMP.mha;347888.0;3.0;2.0;0.0;;;chest wall;HobS17-065181064213;S17-15914;;;S17-11310;0;0;1;0.0;0.0;80.0;2.0;0.0;1.0;0.0;17.0;78.75;40.0;120.0;381.0;261.0;True;False;False
P-0020192;347892.0;R-37;37;1409436.0;2.8;2;21.0;7.1;0.4;1;2.7;66;NOS;1;8;2;/mskmind_lung/347892/SCANS/2/DICOM;RIA_18-193_000_437;347892.0;0.0;;347892.0;;1.0;0.0;share drive;;lymph node;HobS17-404908052035;C17-7974;;0.0;C17-7974;0;0;1;1.0;0.0;53.0;3.0;0.0;1.0;0.0;;;;;;;;;
P-0028712;347898.0;R-41;41;1514391.0;3.7;1;80.0;1.5;5.2;1;14.8;67;Adenocarcinoma;1;5;2;/mskmind_lung/347898/SCANS/2/DICOM;RIA_18-193_000_443;347898.0;0.0;;347898.0;;1.0;0.0;4290932;4290932;brain;HobS15-681218400797;S15-7938;80.0;10.0;S15-7938;0;1;1;0.0;1.0;12.0;2.0;1.0;0.0;0.0;;;;;;;;;
P-0012679;347900.0;R-43;43;1531038.0;3.7;0;0.0;3.6;1.1;1;1.1;57;Adenocarcinoma;1;8;2;/mskmind_lung/347900/SCANS/2/DICOM;RIA_18-193_000_445;347900.0;0.0;;347900.0;;1.0;5.0;3687700;3687700;liver;HobS16-577951070811;S16-27796;95.0;60.0;S16-27796;0;1;1;1.0;1.0;23.0;7.0;0.0;1.0;0.0;;;;;;;;;
P-0012476;347901.0;R-45;45;1542972.0;4.0;1;50.0;2.0;3.1;1;6.7;84;Adenocarcinoma;1;3;2;/mskmind_lung/347901/SCANS/2/DICOM;RIA_18-193_000_446;347901.0;0.0;;347901.0;;2.0;0.0;3687747;3687747;bone;HobS16-849168734052;S16-65752;;0.0;S14-15652;0;1;1;0.0;0.0;0.0;2.0;1.0;0.0;0.0;;;;;;;;;
P-0017910;347903.0;R-47;47;1558997.0;4.3;1;30.0;2.7;23.5;0;;52;Adenocarcinoma;1;3;2;/mskmind_lung/347903/SCANS/2/DICOM;RIA_18-193_000_448;347903.0;0.0;;347903.0;;2.0;0.0;3756353;3756353;lymph node;HobS16-437445161212;C16-30877;;0.0;S13-50357;0;1;1;0.0;0.0;0.0;2.0;0.0;1.0;0.0;;;;;;;;;
P-0006768;347905.0;R-50;50;1582342.0;4.2;2;30.0;3.8;4.2;1;28.4;66;Adenocarcinoma;0;3;1;/mskmind_lung/347905/SCANS/2/DICOM;RIA_18-193_000_450;347905.0;1.0;/gpfs/mskmind_ess/data/LUNG_18-193/radiology_segments/347905_AMP.mha;347905.0;1.0;2.0;0.0;4289946;4289946;liver;HobS16-039265172823;S16-41277;;0.0;S15-50248;0;1;1;1.0;0.0;15.0;1.0;0.0;1.0;0.0;17.0;78.75;40.0;120.0;278.0;158.0;True;False;False
P-0000239;347907.0;R-53;53;1611009.0;3.0;1;28.0;3.3;1.8;1;2.1;83;Adenocarcinoma;1;4;1;/mskmind_lung/347907/SCANS/2/DICOM;RIA_18-193_000_452;347907.0;1.0;/gpfs/mskmind_ess/data/LUNG_18-193/radiology_segments/347907_AMP.mha;347907.0;1.0;1.0;0.0;;;lung;HobS14-637809463531;S14-7291;;;S14-7291;1;1;1;0.0;0.0;54.0;3.0;0.0;1.0;0.0;12.0;56.25;40.0;119.0;219.0;100.0;False;True;False
P-0000302;347908.0;R-55;55;1613957.0;4.0;1;28.0;3.6;32.7;0;;67;Adenocarcinoma;2;2;1;/mskmind_lung/347908/SCANS/2/DICOM;RIA_18-193_000_453;347908.0;1.0;/gpfs/mskmind_ess/data/LUNG_18-193/radiology_segments/347908_AMP.mha;347908.0;2.0;2.0;0.0;;;lung;HobS16-466641016889;S16-47004;;;C14-3067;1;1;0;0.0;0.0;50.0;3.0;0.0;1.0;0.0;12.0;78.75;40.0;119.0;268.0;149.0;True;False;False
P-0018511;347911.0;R-59;59;1642624.0;3.4;1;30.0;7.4;1.2;1;1.9;74;Adenocarcinoma;2;4;2;/mskmind_lung/347911/SCANS/2/DICOM;RIA_18-193_000_456;347911.0;1.0;/gpfs/mskmind_ess/data/LUNG_18-193/radiology_segments/347911_AMP.mha;347911.0;3.0;1.0;50.0;4290937;4290937;lymph node;HobS17-384946182187;C17-3497;95.0;80.0;C17-3497;0;1;1;0.0;0.0;65.0;1.0;0.0;1.0;0.0;31.0;56.25;40.0;120.0;380.0;260.0;True;False;False
P-0009017;347912.0;R-60;60;1645385.0;3.6;1;30.0;3.5;8.5;0;;77;Adenocarcinoma;1;3;1;/mskmind_lung/347912/SCANS/2/DICOM;RIA_18-193_000_457;347912.0;1.0;/gpfs/mskmind_ess/data/LUNG_18-193/radiology_segments/347912_AMP.mha;347912.0;1.0;1.0;0.0;3687836;3687836;lymph node;HobS16-561481393336;S16-592;95.0;0.0;S16-592;0;1;1;0.0;1.0;38.0;2.0;0.0;1.0;0.0;15.0;56.25;40.0;120.0;220.0;100.0;True;False;False
P-0008878;347913.0;R-61;61;1646421.0;3.9;1;20.0;3.4;2.7;1;13.3;76;Adenocarcinoma;2;4;1;/mskmind_lung/347913/SCANS/2/DICOM;RIA_18-193_000_458;347913.0;0.0;;347913.0;;2.0;2.0;;;lymph node;HobS18-918274248188;C18-5808;;;S14-42705;0;1;1;0.0;0.0;18.0;2.0;0.0;1.0;0.0;;;;;;;;;
P-0004395;347916.0;R-63;63;1655848.0;4.1;2;89.25;1.5;0.4;1;0.4;65;Adenocarcinoma;1;8;2;/mskmind_lung/347916/SCANS/2/DICOM;RIA_18-193_000_461;347916.0;1.0;/gpfs/mskmind_ess/data/LUNG_18-193/radiology_segments/347916_AMP.mha;347916.0;4.0;1.0;0.0;share drive;HobS14-023608376650 PD-L1;brain;HobS14-023608376650;S14-49267;95.0;0.0;S14-49267;0;1;1;1.0;1.0;114.0;6.0;0.0;1.0;0.0;23.0;55.0;20.0;124.0;272.0;148.0;True;False;False
P-0017184;347917.0;R-65;65;1661622.0;3.8;1;15.0;4.7;0.5;1;0.5;69;Adenocarcinoma;2;8;2;/mskmind_lung/347917/SCANS/2/DICOM;RIA_18-193_000_462;347917.0;1.0;/gpfs/mskmind_ess/data/LUNG_18-193/radiology_segments/347917_AMP.mha;347917.0;1.0;1.0;0.0;3687742;3687742;pleura;HobS16-716010493713;S16-64084;95.0;0.0;S16-64084;0;1;1;1.0;0.0;155.0;3.0;0.0;1.0;0.0;10.0;56.25;40.0;119.0;375.0;256.0;False;False;True
P-0006046;347918.0;R-67;67;1667555.0;4.1;1;40.0;3.1;30.7;0;;60;Adenocarcinoma;1;2;1;/mskmind_lung/347918/SCANS/2/DICOM;RIA_18-193_000_463;347918.0;0.0;;347918.0;;2.0;0.0;3687400;3687400;lymph node;HobS16-126753243820;C16-27716;95.0;0.0;C15-13269;0;1;0;0.0;0.0;23.0;3.0;0.0;1.0;0.0;;;;;;;;;
P-0002794;347919.0;R-68;68;1674347.0;4.2;2;5.0;3.3;14.8;1;;61;Adenocarcinoma;2;2;2;/mskmind_lung/347919/SCANS/2/DICOM;RIA_18-193_000_464;347919.0;1.0;/gpfs/mskmind_ess/data/LUNG_18-193/radiology_segments/347919_AMP.mha;347919.0;1.0;2.0;70.0;3687335;3687335;lung;HobS14-116513114658;S14-70297;70.0;70.0;S14-65402;1;1;0;0.0;0.0;42.0;2.0;0.0;1.0;0.0;10.0;56.25;40.0;120.0;232.0;112.0;True;False;False
P-0005871;347920.0;R-70;70;1682469.0;4.1;0;0.0;2.4;5.6;1;26.0;47;Adenocarcinoma;1;3;1;/mskmind_lung/347920/SCANS/2/DICOM;RIA_18-193_000_465;347920.0;0.0;;347920.0;;1.0;0.0;;;lung;HobS15-986356447295;S15-38144;;;S15-38144;1;1;1;1.0;0.0;16.0;1.0;0.0;1.0;0.0;;;;;;;;;
P-0004271;347923.0;R-73;73;1690869.0;4.1;0;0.0;1.0;7.1;0;;38;Adenocarcinoma;0;3;2;/mskmind_lung/347923/SCANS/2/DICOM;RIA_18-193_000_468;347923.0;1.0;/gpfs/mskmind_ess/data/LUNG_18-193/radiology_segments/347923_AMP.mha;347923.0;2.0;2.0;10.0;3687859;3687859;lung;HobS17-133316532778;S17-5312;95.0;10.0;S15-15369;1;1;1;0.0;0.0;32.0;1.0;1.0;0.0;0.0;17.0;56.25;40.0;119.0;252.0;133.0;True;False;False
P-0044186;347924.0;R-74;74;1694895.0;4.1;2;38.0;2.4;19.4;0;;65;Adenocarcinoma;1;2;1;/mskmind_lung/347924/SCANS/2/DICOM;RIA_18-193_000_469;347924.0;0.0;;347924.0;;1.0;1.0;3687840;3687840;lung;HobS17-202014224501;S17-363;95.0;5.0;S17-363;1;1;0;1.0;1.0;73.0;2.0;0.0;1.0;0.0;;;;;;;;;
P-0005783;347928.0;R-76;76;1706771.0;4.1;1;10.0;2.3;22.8;0;;53;Adenocarcinoma;0;1;2;/mskmind_lung/347928/SCANS/2/DICOM;RIA_18-193_000_473;347928.0;0.0;;347928.0;;1.0;0.0;3687878;3687878;brain;HobS17-580355034557;S17-7193;80.0;0.0;S17-7193;0;1;0;0.0;1.0;0.0;3.0;0.0;1.0;0.0;;;;;;;;;
P-0006516;347931.0;R-78;78;1721831.0;2.4;1;55.2;5.5;0.9;1;0.9;73;Adenocarcinoma;1;8;1;/mskmind_lung/347931/SCANS/2/DICOM;RIA_18-193_000_476;347931.0;0.0;;347931.0;;1.0;0.0;3687824;3687824;pleura;HobS15-975682681846;S15-42174;50.0;0.0;S15-42174;0;1;1;1.0;0.0;11.0;2.0;0.0;1.0;0.0;;;;;;;;;
P-0028239;347932.0;R-79;79;1722718.0;3.8;1;75.0;5.2;6.5;1;6.5;80;Adenocarcinoma;0;3;1;/mskmind_lung/347932/SCANS/2/DICOM;RIA_18-193_000_477;347932.0;0.0;;347932.0;;1.0;0.0;3687799;3687799;soft tissue (C2);HobS18-210324430915;S18-11465;95.0;0.0;S18-11465;0;1;1;0.0;0.0;15.0;2.0;1.0;0.0;0.0;;;;;;;;;
P-0009256;347934.0;R-83;83;1729288.0;4.2;1;35.0;2.9;7.4;1;35.7;75;Adenocarcinoma;1;3;2;/mskmind_lung/347934/SCANS/7/DICOM;RIA_18-193_000_479;347934.0;1.0;/gpfs/mskmind_ess/data/LUNG_18-193/radiology_segments/347934_AMP.mha;347934.0;1.0;1.0;0.0;;;lymph node;HobS15-668601320025;S15-65414;;0.0;S15-65414;0;1;1;1.0;1.0;70.0;1.0;0.0;1.0;0.0;11.0;78.75;40.0;179.0;356.0;177.0;True;False;False
P-0012090;347937.0;R-86;86;1742017.0;3.8;1;15.0;4.2;0.8;1;0.8;79;Adenocarcinoma;1;8;1;/mskmind_lung/347937/SCANS/4/DICOM;RIA_18-193_000_482;347937.0;1.0;/gpfs/mskmind_ess/data/LUNG_18-193/radiology_segments/347937_AMP.mha;347937.0;2.0;1.0;0.0;4343300;4343300;lung;HobS16-891963640062;S16-8675;;0.0;S16-8675;1;1;1;1.0;0.0;54.0;3.0;1.0;0.0;0.0;9.0;78.75;40.0;120.0;206.0;86.0;True;False;False
P-0010215;347939.0;R-88;88;1745216.0;3.5;1;1.4;3.4;0.2;1;3.1;73;Adenocarcinoma;0;5;2;/mskmind_lung/347939/SCANS/2/DICOM;RIA_18-193_000_484;347939.0;1.0;/gpfs/mskmind_ess/data/LUNG_18-193/radiology_segments/347939_AMP.mha;347939.0;1.0;1.0;0.0;share drive;;bone;HobS15-076594063045;S15-65827;;0.0;S15-65827;0;1;1;0.0;1.0;32.0;3.0;0.0;1.0;0.0;10.0;56.25;40.0;119.0;351.0;232.0;False;True;False
P-0008645;347941.0;R-91;91;1751053.0;4.0;0;0.0;5.6;1.7;1;2.1;47;Squamous;1;4;1;/mskmind_lung/347941/SCANS/2/DICOM;RIA_18-193_000_486;347941.0;1.0;/gpfs/mskmind_ess/data/LUNG_18-193/radiology_segments/347941_AMP.mha;347941.0;1.0;1.0;0.0;;;lung;HobS16-627040008237;S16-66711;;;S16-66711;1;0;1;0.0;0.0;27.0;3.0;0.0;1.0;0.0;24.0;78.75;40.0;120.0;379.0;259.0;True;False;False
P-0011260;347942.0;R-92;92;1751968.0;3.4;1;9.0;2.5;0.6;1;1.5;47;Adenocarcinoma;1;4;2;/mskmind_lung/347942/SCANS/2/DICOM;RIA_18-193_000_487;347942.0;1.0;/gpfs/mskmind_ess/data/LUNG_18-193/radiology_segments/347942_AMP.mha;347942.0;1.0;2.0;50.0;3687711;3687711;lung;HobS16-305466246210;S16-42708;95.0;50.0;C16-112;1;1;1;0.0;0.0;108.0;2.0;1.0;0.0;1.0;10.0;56.25;40.0;120.0;220.0;100.0;True;False;False
P-0009168;347944.0;R-96;96;1757231.0;3.9;1;60.0;1.1;16.4;1;16.4;75;Adenocarcinoma;1;3;1;/mskmind_lung/347944/SCANS/2/DICOM;RIA_18-193_000_489;347944.0;0.0;;347944.0;;2.0;0.0;4343310;4343310;lung;HobS16-810952739099;S16-47786;;0.0;S16-405;1;1;1;0.0;0.0;19.0;1.0;0.0;1.0;0.0;;;;;;;;;
P-0009959;347946.0;R-99;99;1765813.0;3.4;1;36.0;2.7;5.8;1;12.8;66;Adenocarcinoma;1;3;1;/mskmind_lung/347946/SCANS/2/DICOM;RIA_18-193_000_491;347946.0;1.0;/gpfs/mskmind_ess/data/LUNG_18-193/radiology_segments/347946_AMP.mha;347946.0;4.0;1.0;0.0;;;lung;HobS16-404087828654;S16-6913;;0.0;S16-6913;1;1;1;0.0;0.0;66.0;2.0;0.0;1.0;0.0;19.0;78.75;40.0;228.0;378.0;150.0;False;True;False
P-0010300;347948.0;R-101;101;1768837.0;2.8;1;0.0;4.1;1.4;1;4.0;55;Adenocarcinoma;1;7;1;/mskmind_lung/347948/SCANS/2/DICOM;RIA_18-193_000_493;347948.0;0.0;;347948.0;;1.0;0.0;;;lung;HobS16-866313578317;S16-12117;;;S16-12117;1;1;1;1.0;0.0;0.0;3.0;1.0;0.0;0.0;;;;;;;;;
P-0010648;347949.0;R-102;102;1771106.0;4.4;1;50.0;1.2;2.0;1;17.7;73;Adenocarcinoma;1;4;1;/mskmind_lung/347949/SCANS/2/DICOM;RIA_18-193_000_494;347949.0;1.0;/gpfs/mskmind_ess/data/LUNG_18-193/radiology_segments/347949_AMP.mha;347949.0;1.0;2.0;0.0;;;bone;HobS16-970202071233;S16-11752;;;C16-5448;0;1;1;0.0;0.0;25.0;2.0;0.0;1.0;0.0;28.0;56.25;40.0;125.0;379.0;254.0;True;False;False
P-0010840;347950.0;R-104;104;1774034.0;3.7;1;15.0;4.1;0.8;1;2.3;55;Adenocarcinoma;1;4;2;/mskmind_lung/347950/SCANS/2/DICOM;RIA_18-193_000_495;347950.0;1.0;/gpfs/mskmind_ess/data/LUNG_18-193/radiology_segments/347950_AMP.mha;347950.0;3.0;2.0;0.0;;;soft tissue (neck);HobS16-170233267517;S16-25393;;;C16-5980;0;1;1;0.0;0.0;73.0;2.0;0.0;1.0;0.0;9.0;78.75;40.0;120.0;154.0;34.0;True;False;False
P-0010980;347951.0;R-105;105;1776811.0;4.3;1;11.0;4.5;1.3;1;12.2;75;Adenocarcinoma;1;4;2;/mskmind_lung/347951/SCANS/2/DICOM;RIA_18-193_000_496;347951.0;1.0;/gpfs/mskmind_ess/data/LUNG_18-193/radiology_segments/347951_AMP.mha;347951.0;2.0;1.0;0.0;3687687;3687687;lung;HobS18-187679923882;S18-3925;95.0;1.0;S18-3925;1;1;1;0.0;0.0;58.0;1.0;1.0;0.0;0.0;10.0;56.25;40.0;120.0;220.0;100.0;True;False;False
P-0018366;347955.0;R-112;112;1791658.0;4.3;1;15.0;0.9;5.8;0;23.9;48;Adenocarcinoma;1;2;1;/mskmind_lung/347955/SCANS/2/DICOM;RIA_18-193_000_500;347955.0;1.0;/gpfs/mskmind_ess/data/LUNG_18-193/radiology_segments/347955_AMP.mha;347955.0;2.0;1.0;20.0;3687864;3687864;lymph node;HobS17-046303618332;S17-2634;60.0;30.0;S17-2634;0;1;0;0.0;0.0;38.0;1.0;0.0;1.0;0.0;24.0;78.75;40.0;167.0;381.0;214.0;True;False;False
P-0013831;347958.0;R-115;115;1797839.0;4.0;2;37.0;10.1;1.9;1;1.9;58;Large cell;1;8;2;/mskmind_lung/347958/SCANS/2/DICOM;RIA_18-193_000_503;347958.0;1.0;/gpfs/mskmind_ess/data/LUNG_18-193/radiology_segments/347958_AMP.mha;347958.0;1.0;1.0;30.0;;;lymph node;HobS16-409563344162;S16-35445;;;S16-35445;0;0;1;0.0;1.0;38.0;2.0;0.0;1.0;0.0;17.0;56.25;40.0;144.0;380.0;236.0;False;False;True
P-0015348;347966.0;R-123;123;1805831.0;3.3;1;35.0;4.1;2.1;1;17.2;62;Adenocarcinoma;2;4;1;/mskmind_lung/347966/SCANS/2/DICOM;RIA_18-193_000_511;347966.0;1.0;/gpfs/mskmind_ess/data/LUNG_18-193/radiology_segments/347966_AMP.mha;347966.0;1.0;2.0;0.0;4290238;4290238;chest wall;HobS16-884029605427;S16-45358;;0.0;S16-49062;0;1;1;0.0;0.0;22.0;2.0;0.0;1.0;0.0;10.0;56.25;40.0;119.0;219.0;100.0;False;True;False
P-0021833;347967.0;R-124;124;1804944.0;4.3;0;0.0;1.9;10.1;1;;65;Adenocarcinoma;1;2;2;/mskmind_lung/347967/SCANS/2/DICOM;RIA_18-193_000_512;347967.0;0.0;;347967.0;;1.0;0.0;3687900;3687900;liver;HobS17-000583633457;S17-37232;60.0;0.0;S17-37232;0;1;0;1.0;0.0;11.0;1.0;1.0;0.0;0.0;;;;;;;;;
P-0014764;347968.0;R-126;126;1809749.0;3.6;0;0.0;6.6;1.0;1;1.5;67;NOS;1;7;2;/mskmind_lung/347968/SCANS/2/DICOM;RIA_18-193_000_513;347968.0;1.0;/gpfs/mskmind_ess/data/LUNG_18-193/radiology_segments/347968_AMP.mha;347968.0;1.0;1.0;0.0;4289819;4289819;bone;HobS16-597186453897;S16-46558;;0.0;S16-46558;0;0;1;1.0;0.0;110.0;2.0;1.0;0.0;0.0;10.0;56.25;40.0;119.0;219.0;100.0;False;False;True
P-0014319;347969.0;R-128;128;1811681.0;3.5;1;12.5;5.7;0.7;1;4.3;73;Adenocarcinoma;1;4;2;/mskmind_lung/347969/SCANS/4/DICOM;RIA_18-193_000_514;347969.0;1.0;/gpfs/mskmind_ess/data/LUNG_18-193/radiology_segments/347969_NH.mha;347969.0;2.0;2.0;0.0;3687322;3687322;lung;HobS16-523629998606;C16-21295;95.0;0.0;C16-21292;1;1;1;0.0;1.0;46.0;2.0;1.0;0.0;0.0;10.0;56.25;40.0;120.0;219.0;99.0;False;False;True
P-0014328;347970.0;R-129;129;1811739.0;3.1;2;20.0;2.3;0.8;1;0.8;61;Large cell;0;8;2;/mskmind_lung/347970/SCANS/2/DICOM;RIA_18-193_000_515;347970.0;1.0;/gpfs/mskmind_ess/data/LUNG_18-193/radiology_segments/347970_NH.mha;347970.0;3.0;1.0;0.0;4289832;4289832;lymph node;HobS16-226883464763;S16-44954;;0.0;S16-44954;0;0;1;1.0;0.0;111.0;2.0;0.0;1.0;1.0;14.0;56.25;40.0;119.0;219.0;100.0;False;True;False
P-0015213;347973.0;R-135;135;1819143.0;4.3;1;70.0;5.1;2.3;1;2.3;69;Adenocarcinoma;1;8;1;/mskmind_lung/347973/SCANS/2/DICOM;RIA_18-193_000_518;347973.0;1.0;/gpfs/mskmind_ess/data/LUNG_18-193/radiology_segments/347973_NH_UPDATED.mha;347973.0;2.0;1.0;5.0;;;lymph node;HobS16-670732965353;C16-24830;;;C16-24830;0;1;1;0.0;0.0;25.0;1.0;0.0;1.0;0.0;19.0;78.75;40.0;163.0;378.0;215.0;False;True;False
P-0027726;347977.0;R-143;143;1833109.0;3.7;2;43.0;2.4;9.7;1;;66;Adenocarcinoma;1;3;2;/mskmind_lung/347977/SCANS/2/DICOM;RIA_18-193_000_522;347977.0;1.0;/gpfs/mskmind_ess/data/LUNG_18-193/radiology_segments/347977_NH.mha;347977.0;2.0;1.0;30.0;4346318;4346318;lung;HobS16-374717129880;S16-64126;95.0;30.0;S16-64126;1;1;1;0.0;1.0;50.0;2.0;0.0;1.0;0.0;15.0;56.25;40.0;119.0;306.0;187.0;False;False;True
P-0017735;347979.0;R-146;146;1877876.0;2.6;2;33.75;4.3;3.9;1;23.6;66;Squamous;1;4;1;/mskmind_lung/347979/SCANS/2/DICOM;RIA_18-193_000_524;347979.0;1.0;/gpfs/mskmind_ess/data/LUNG_18-193/radiology_segments/347979_NH.mha;347979.0;0.0;1.0;0.0;3687871;3687871;lung;HobS17-748902495699;S17-2500;60.0;10.0;S17-2500;1;0;1;0.0;0.0;69.0;2.0;0.0;1.0;0.0;14.0;56.25;40.0;119.0;263.0;144.0;True;False;False
P-0017048;347981.0;R-147;147;1878220.0;2.4;1;15.0;3.5;0.4;1;0.4;64;Adenocarcinoma;2;8;2;/mskmind_lung/347981/SCANS/2/DICOM;RIA_18-193_000_526;347981.0;1.0;/gpfs/mskmind_ess/data/LUNG_18-193/radiology_segments/347981_AMP.mha;347981.0;1.0;1.0;0.0;3687847;3687847;bone, soft tissue;HobS16-572695550471;S16-68436;50.0;0.0;S16-68436;0;1;1;1.0;0.0;132.0;2.0;1.0;0.0;0.0;37.0;55.0;20.0;119.0;409.0;290.0;False;True;False
P-0017781;347982.0;R-149;149;1878872.0;3.8;1;15.0;1.1;1.5;1;1.5;80;Adenocarcinoma;1;8;1;/mskmind_lung/347982/SCANS/2/DICOM;RIA_18-193_000_527;347982.0;1.0;/gpfs/mskmind_ess/data/LUNG_18-193/radiology_segments/347982_NH.mha;347982.0;3.0;1.0;0.0;3687358;3687358;lung;HobS16-568599039289;C16-32415;;0.0;C16-32415;1;1;1;1.0;1.0;76.0;2.0;0.0;1.0;0.0;14.0;56.25;40.0;120.0;360.0;240.0;False;True;False
P-0017637;347984.0;R-153;153;1884267.0;3.6;2;25.0;2.8;1.7;1;3.8;73;Adenocarcinoma;1;4;1;/mskmind_lung/347984/SCANS/2/DICOM;RIA_18-193_000_529;347984.0;1.0;/gpfs/mskmind_ess/data/LUNG_18-193/radiology_segments/347984_NH.mha;347984.0;2.0;1.0;0.0;;;lung;HobS17-644278179009;S17-1129;;;S17-1129;1;1;1;1.0;1.0;123.0;5.0;1.0;0.0;0.0;13.0;56.25;40.0;120.0;220.0;100.0;True;False;False
P-0019262;347985.0;R-154;154;1885288.0;4.2;2;15.0;4.6;4.1;1;5.8;53;Large cell;1;4;2;/mskmind_lung/347985/SCANS/2/DICOM;RIA_18-193_000_530;347985.0;1.0;/gpfs/mskmind_ess/data/LUNG_18-193/radiology_segments/347985_NH.mha;347985.0;1.0;1.0;0.0;4289868;4289868;brain;HobS17-974422641471;S17-49111;;0.0;S17-49111;0;0;1;0.0;1.0;66.0;2.0;1.0;0.0;0.0;11.0;56.25;40.0;119.0;219.0;100.0;False;False;True
P-0018078;347991.0;R-161;161;1887842.0;3.4;2;40.0;1.6;1.1;1;6.4;68;Adenocarcinoma;1;4;2;/mskmind_lung/347991/SCANS/2/DICOM;RIA_18-193_000_536;347991.0;1.0;/gpfs/mskmind_ess/data/LUNG_18-193/radiology_segments/347991_NH.mha;347991.0;0.0;2.0;5.0;4289817;4289817;lung;HobS17-002022371421;S17-3883;95.0;10.0;S17-6077;1;1;1;1.0;0.0;56.0;2.0;0.0;1.0;0.0;19.0;56.25;40.0;223.0;379.0;156.0;False;False;True
P-0018763;347992.0;R-164;164;1891140.0;3.6;1;40.0;2.7;2.0;1;;83;Adenocarcinoma;2;4;1;/mskmind_lung/347992/SCANS/2/DICOM;RIA_18-193_000_537;347992.0;1.0;/gpfs/mskmind_ess/data/LUNG_18-193/radiology_segments/347992_NH.mha;347992.0;2.0;1.0;50.0;3690195;3690195;lymph node;HobS17-261873586711;S17-8122;95.0;50.0;S17-8122;0;1;1;0.0;0.0;58.0;1.0;0.0;1.0;0.0;8.0;78.75;40.0;120.0;301.0;181.0;False;False;True
P-0019252;347993.0;R-165;165;1892906.0;3.8;1;0.25;1.7;2.1;1;8.7;73;Adenocarcinoma;1;5;2;/mskmind_lung/347993/SCANS/2/DICOM;RIA_18-193_000_538;347993.0;0.0;;347993.0;;1.0;0.0;;;lung;HobS17-242475842965;S17-21156;;;S17-21156;1;1;1;0.0;1.0;13.0;1.0;1.0;0.0;0.0;;;;;;;;;
P-0019605;347994.0;R-166;166;1890200.0;3.9;1;12.5;8.7;0.8;1;0.8;67;Squamous;1;8;1;/mskmind_lung/347994/SCANS/2/DICOM;RIA_18-193_000_539;347994.0;1.0;/gpfs/mskmind_ess/data/LUNG_18-193/radiology_segments/347994_NH.mha;347994.0;2.0;1.0;0.0;;;chest wall;HobS17-265789936371;S17-38599;;;S17-38599;0;0;1;1.0;1.0;170.0;2.0;1.0;0.0;0.0;14.0;56.25;40.0;159.0;379.0;220.0;True;False;False
P-0018979;347995.0;R-167;167;1892964.0;4.1;0;0.0;3.2;1.4;1;4.3;64;Adenocarcinoma;1;4;2;/mskmind_lung/347995/SCANS/2/DICOM;RIA_18-193_000_540;347995.0;1.0;/gpfs/mskmind_ess/data/LUNG_18-193/radiology_segments/347995_NH.mha;347995.0;2.0;2.0;60.0;;;lymph node;HobS17-797639149438;S17-9067;;;S17-12787;0;1;1;0.0;1.0;94.0;2.0;0.0;1.0;0.0;18.0;56.25;40.0;122.0;220.0;98.0;True;False;False
P-0018960;347996.0;R-169;169;1895342.0;3.6;1;10.0;4.2;0.7;1;1.5;59;Adenocarcinoma;1;6;2;/mskmind_lung/347996/SCANS/2/DICOM;RIA_18-193_000_541;347996.0;1.0;/gpfs/mskmind_ess/data/LUNG_18-193/radiology_segments/347996_NH.mha;347996.0;1.0;1.0;10.0;share drive;HobS17-525621764951 PD-L1;soft tissue (rib);HobS17-525621764951;S17-10361;95.0;0.0;S17-10361;0;1;1;0.0;1.0;61.0;2.0;0.0;1.0;0.0;10.0;56.25;40.0;119.0;221.0;102.0;False;True;False
P-0019298;347997.0;R-170;170;1895657.0;3.4;1;6.0;2.5;1.4;1;4.6;83;NOS;1;4;2;/mskmind_lung/347997/SCANS/2/DICOM;RIA_18-193_000_542;347997.0;1.0;/gpfs/mskmind_ess/data/LUNG_18-193/radiology_segments/347997_NH.mha;347997.0;3.0;1.0;90.0;;;lung;HobS17-299116021605;S17-17060;;90.0;S17-17060;1;0;1;0.0;0.0;75.0;1.0;0.0;1.0;0.0;14.0;78.75;40.0;221.0;379.0;158.0;False;False;True
P-0019098;347998.0;R-171;171;1896698.0;3.9;1;14.4;4.1;12.0;1;;56;Adenocarcinoma;1;3;2;/mskmind_lung/347998/SCANS/2/DICOM;RIA_18-193_000_543;347998.0;1.0;/gpfs/mskmind_ess/data/LUNG_18-193/radiology_segments/347998_NH.mha;347998.0;2.0;1.0;0.0;3687415;3687415;lymph node;HobS17-119045592994;C17-6460;95.0;0.0;C17-6460;0;1;1;1.0;0.0;59.0;2.0;1.0;0.0;0.0;14.0;56.25;40.0;120.0;220.0;100.0;False;False;True
P-0019765;348000.0;R-174;174;1898444.0;4.5;2;12.5;3.3;12.8;1;;56;Adenocarcinoma;1;3;2;/mskmind_lung/348000/SCANS/2/DICOM;RIA_18-193_000_545;348000.0;0.0;;348000.0;;1.0;0.0;;;lymph node;HobS18-551378166796;C18-12092;;0.0;C18-12092;0;1;1;0.0;0.0;10.0;1.0;1.0;0.0;0.0;;;;;;;;;
P-0019647;348001.0;R-177;177;1903538.0;4.0;0;0.0;1.0;1.9;1;;53;Adenocarcinoma;1;4;1;/mskmind_lung/348001/SCANS/2/DICOM;RIA_18-193_000_546;348001.0;1.0;/gpfs/mskmind_ess/data/LUNG_18-193/radiology_segments/348001_NH.mha;348001.0;1.0;1.0;0.0;;;lung;HobS17-916284434359;S17-19789;;;S17-19789;1;1;1;0.0;0.0;29.0;2.0;0.0;1.0;0.0;15.0;56.25;40.0;120.0;279.0;159.0;False;False;True
P-0032126;348002.0;R-178;178;1903295.0;3.5;1;50.0;13.4;8.6;1;10.6;77;Adenocarcinoma;1;2;2;/mskmind_lung/348002/SCANS/2/DICOM;RIA_18-193_000_547;348002.0;1.0;/gpfs/mskmind_ess/data/LUNG_18-193/radiology_segments/348002_NH.mha;348002.0;1.0;2.0;50.0;4290019;4290019;lung;HobS17-740157691236;S17-17374;95.0;50.0;C18-14854;1;1;0;1.0;0.0;88.0;2.0;0.0;1.0;0.0;10.0;78.75;40.0;119.0;158.0;39.0;True;False;False
P-0023408;348005.0;R-182;182;1914338.0;3.5;2;17.6;3.7;1.0;1;1.0;64;Adenocarcinoma;2;8;2;/mskmind_lung/348005/SCANS/2/DICOM;RIA_18-193_000_550;348005.0;1.0;/gpfs/mskmind_ess/data/LUNG_18-193/radiology_segments/348005_NH.mha;348005.0;2.0;1.0;0.0;4289948;4289948;lymph node;HobS17-491904637192;S17-51043;;0.0;S17-51043;0;1;1;0.0;1.0;17.0;2.0;0.0;1.0;0.0;14.0;56.25;40.0;159.0;377.0;218.0;False;False;True
P-0021094;348009.0;R-188;188;1920473.0;3.6;1;45.0;6.0;1.2;1;1.8;69;Adenocarcinoma;1;5;2;/mskmind_lung/348009/SCANS/2/DICOM;RIA_18-193_000_554;348009.0;1.0;/gpfs/mskmind_ess/data/LUNG_18-193/radiology_segments/348009_NH.mha;348009.0;2.0;1.0;0.0;4289907;4289907;lymph node;HobS17-170097407155;C17-14128;;0.0;C17-14128;0;1;1;0.0;1.0;60.0;2.0;1.0;0.0;0.0;14.0;56.25;40.0;142.0;356.0;214.0;False;True;False
P-0021769;348013.0;R-191;191;1925565.0;3.7;0;0.0;2.9;19.3;0;20.6;74;NOS;1;2;1;;;348013.0;;;348013.0;;;;;;;;;;;;;0;0;0.0;0.0;110.0;2.0;0.0;1.0;0.0;9.0;78.75;40.0;119.0;156.0;37.0;True;False;False
P-0022304;348015.0;R-193;193;1927336.0;4.1;1;75.0;1.5;4.0;1;16.7;71;Adenocarcinoma;1;4;1;/mskmind_lung/348015/SCANS/2/DICOM;RIA_18-193_000_560;348015.0;0.0;;348015.0;;1.0;0.0;3687393;3687393;lymph node;HobS17-042908516312;C17-17740;;0.0;C17-17740;0;1;1;0.0;1.0;36.0;2.0;1.0;0.0;0.0;;;;;;;;;
P-0022033;348016.0;R-194;194;1928842.0;3.4;1;55.0;1.5;0.7;1;8.0;71;Squamous;1;4;2;/mskmind_lung/348016/SCANS/2/DICOM;RIA_18-193_000_561;348016.0;1.0;/gpfs/mskmind_ess/data/LUNG_18-193/radiology_segments/348016_NH.mha;348016.0;3.0;1.0;0.0;3687897;3687897;soft tissue (iliac);HobS17-151582904179;S17-43177;95.0;0.0;C17-17119;0;0;1;0.0;0.0;73.0;2.0;1.0;0.0;0.0;10.0;56.25;40.0;119.0;219.0;100.0;False;False;True
P-0023014;348018.0;R-198;198;1934533.0;3.5;1;15.0;4.8;1.3;1;1.3;69;Adenocarcinoma;1;8;1;/mskmind_lung/348018/SCANS/2/DICOM;RIA_18-193_000_563;348018.0;1.0;/gpfs/mskmind_ess/data/LUNG_18-193/radiology_segments/348018_NH_UPDATED.mha;348018.0;1.0;1.0;0.0;4289834;4289834;lymph node;HobS17-509244200148;C17-19254;;0.0;C17-19254;0;1;1;1.0;1.0;145.0;2.0;1.0;0.0;0.0;15.0;56.25;40.0;121.0;380.0;259.0;False;False;True
P-0023568;348021.0;R-199;199;1945278.0;3.3;2;15.0;33.1;0.9;1;0.9;67;Giant Cell;1;8;1;/mskmind_lung/348021/SCANS/2/DICOM;RIA_18-193_000_566;348021.0;1.0;/gpfs/mskmind_ess/data/LUNG_18-193/radiology_segments/348021_NH_UPDATED.mha;348021.0;2.0;1.0;10.0;;;soft tissue (thigh);HobS17-511491935220;S17-52064;;;S17-52064;0;0;1;0.0;0.0;46.0;2.0;0.0;1.0;0.0;11.0;56.25;40.0;120.0;220.0;100.0;True;False;False
P-0023598;348024.0;R-202;202;1945983.0;3.5;2;20.0;0.5;3.6;1;;67;Adenocarcinoma;1;2;2;/mskmind_lung/348024/SCANS/2/DICOM;RIA_18-193_000_569;348024.0;1.0;/gpfs/mskmind_ess/data/LUNG_18-193/radiology_segments/348024_NH.mha;348024.0;3.0;1.0;30.0;4289933;4289933;lymph node;HobS17-406560106683;C17-23852;95.0;50.0;C17-23852;0;1;0;1.0;1.0;69.0;2.0;0.0;1.0;0.0;11.0;56.25;40.0;119.0;219.0;100.0;True;False;False
P-0025354;348026.0;R-205;205;1947901.0;4.2;1;92.0;1.4;11.1;0;;60;Adenocarcinoma;2;3;2;/mskmind_lung/348026/SCANS/2/DICOM;RIA_18-193_000_571;348026.0;1.0;/gpfs/mskmind_ess/data/LUNG_18-193/radiology_segments/348026_NH.mha;348026.0;1.0;1.0;0.0;3687759;3687759;lung;HobS17-882967413773;S17-58689;95.0;0.0;S17-65670;1;1;1;0.0;0.0;23.0;1.0;0.0;1.0;0.0;9.0;78.75;40.0;120.0;149.0;29.0;False;False;True
P-0033239;348027.0;R-206;206;1947994.0;3.8;1;0.0;1.5;4.2;1;;59;Adenocarcinoma;1;3;2;/mskmind_lung/348027/SCANS/2/DICOM;RIA_18-193_000_572;348027.0;0.0;;348027.0;;1.0;10.0;sharedrive;HobS17-979590778041 PD-L1;peritoneum;HobS17-979590778041;S17-57264;95.0;10.0;C18-17646;0;1;1;0.0;0.0;38.0;2.0;0.0;1.0;0.0;;;;;;;;;
P-0035638;348028.0;R-207;207;1947945.0;3.4;0;0.0;4.9;3.1;1;8.0;72;Squamous;1;4;1;/mskmind_lung/348028/SCANS/2/DICOM;RIA_18-193_000_573;348028.0;1.0;/gpfs/mskmind_ess/data/LUNG_18-193/radiology_segments/348028_NH.mha;348028.0;1.0;1.0;0.0;3687766;3687766;lung;HobS17-256448265219;S17-54230;95.0;0.0;S17-54230;1;0;1;0.0;0.0;47.0;1.0;0.0;1.0;0.0;13.0;56.25;40.0;150.0;368.0;218.0;False;True;False
P-0040848;348029.0;R-208;208;1950252.0;3.5;2;55.0;1.7;11.8;1;;70;Squamous;1;3;2;/mskmind_lung/348029/SCANS/3/DICOM;RIA_18-193_000_574;348029.0;0.0;;348029.0;;1.0;90.0;3687819;3687819;peritoneum;HobS17-364135238135;C17-27856;95.0;80.0;S17-59652;0;0;1;0.0;0.0;61.0;2.0;0.0;1.0;0.0;;;;;;;;;
P-0024421;348031.0;R-209;209;1950695.0;4.2;1;49.5;1.2;1.5;1;4.3;54;Adenocarcinoma;1;4;2;/mskmind_lung/348031/SCANS/4/DICOM;RIA_18-193_000_576;348031.0;0.0;;348031.0;;1.0;60.0;;;lung;HobS17-675714385245;S17-56232;;;S17-56232;1;1;1;0.0;0.0;50.0;2.0;0.0;1.0;0.0;;;;;;;;;
P-0024764;348034.0;R-212;212;1952927.0;3.8;2;50.0;1.8;5.1;1;;74;Adenocarcinoma;1;3;2;/mskmind_lung/348034/SCANS/2/DICOM;RIA_18-193_000_579;348034.0;1.0;/gpfs/mskmind_ess/data/LUNG_18-193/radiology_segments/348034_NH.mha;348034.0;1.0;1.0;0.0;4289925;4289925;lymph node;HobS17-067836908873;C17-25786;;0.0;C17-25786;0;1;1;0.0;0.0;81.0;2.0;0.0;1.0;0.0;11.0;56.25;40.0;119.0;253.0;134.0;False;False;True
P-0025598;348036.0;R-213;213;1959092.0;4.0;1;15.0;2.3;2.5;1;5.8;58;Adenocarcinoma;0;4;2;/mskmind_lung/348036/SCANS/2/DICOM;RIA_18-193_000_581;348036.0;1.0;/gpfs/mskmind_ess/data/LUNG_18-193/radiology_segments/348036_NH.mha;348036.0;2.0;1.0;60.0;4289870;4289870;lung;HobS17-921050510424;S17-68264;95.0;60.0;S17-68264;1;1;1;0.0;1.0;81.0;1.0;0.0;1.0;0.0;8.0;110.0;40.0;118.0;180.0;62.0;True;False;False
P-0025777;348037.0;R-214;214;1962883.0;4.3;1;;2.4;1.6;1;2.0;49;Adenocarcinoma;1;4;2;/mskmind_lung/348037/SCANS/2/DICOM;RIA_18-193_000_582;348037.0;0.0;;348037.0;;1.0;0.0;3687409;3687409;bone;HobS18-081725613360;S18-57696;70.0;0.0;S17-70478;0;1;1;1.0;1.0;14.0;2.0;0.0;1.0;0.0;;;;;;;;;
P-0027343;348040.0;R-219;219;1968677.0;3.3;1;;2.1;0.1;1;0.1;93;Adenocarcinoma;2;8;1;/mskmind_lung/348040/SCANS/2/DICOM;RIA_18-193_000_585;348040.0;1.0;/gpfs/mskmind_ess/data/LUNG_18-193/radiology_segments/348040_NH.mha;348040.0;1.0;1.0;80.0;3687770;3687770;soft tissue (humerus);HobS17-024417576131;S17-71851;95.0;80.0;S17-71851;0;1;1;0.0;1.0;58.0;1.0;0.0;1.0;0.0;10.0;56.25;40.0;118.0;217.0;99.0;False;True;False
P-0026521;348041.0;R-221;221;1969374.0;4.1;1;37.5;1.5;1.8;1;;81;NOS;1;4;1;/mskmind_lung/348041/SCANS/3/DICOM;RIA_18-193_000_586;348041.0;1.0;/gpfs/mskmind_ess/data/LUNG_18-193/radiology_segments/348041_NH.mha;348041.0;1.0;1.0;0.0;;;brain;HobS17-274087870469;S17-73213;;;S17-73213;0;0;1;1.0;0.0;55.0;2.0;0.0;1.0;0.0;40.0;78.75;40.0;201.0;645.0;444.0;True;False;False
P-0029298;348043.0;R-223;223;1973027.0;4.0;2;22.5;2.9;2.5;1;5.9;62;Squamous;1;4;1;/mskmind_lung/348043/SCANS/2/DICOM;RIA_18-193_000_588;348043.0;1.0;/gpfs/mskmind_ess/data/LUNG_18-193/radiology_segments/348043_NH.mha;348043.0;1.0;1.0;10.0;;;liver;HobS18-304000305972;S18-16859;;;S18-16859;0;0;1;1.0;1.0;156.0;3.0;0.0;1.0;0.0;14.0;56.25;40.0;119.0;220.0;101.0;True;False;False
P-0027576;348044.0;R-224;224;1973043.0;3.7;1;35.0;3.9;0.8;1;3.0;65;Adenocarcinoma;2;4;1;/mskmind_lung/348044/SCANS/2/DICOM;RIA_18-193_000_589;348044.0;0.0;;348044.0;;1.0;0.0;4289962;4289962;chest wall;HobS17-435198519982;S17-75313;;0.0;S17-75313;0;1;1;1.0;0.0;24.0;2.0;0.0;1.0;0.0;;;;;;;;;
P-0027664;348045.0;R-225;225;1975254.0;3.6;1;50.0;2.0;1.2;1;;68;Adenocarcinoma;1;4;1;/mskmind_lung/348045/SCANS/2/DICOM;RIA_18-193_000_590;348045.0;0.0;;348045.0;;1.0;0.0;3687693;3687693;lung;HobS18-814713139263;S18-4440;95.0;0.0;S18-4440;1;1;1;0.0;0.0;103.0;2.0;1.0;0.0;0.0;;;;;;;;;
P-0027742;348050.0;R-229;229;1980205.0;3.6;1;;1.5;1.5;1;10.1;62;Adenocarcinoma;1;4;2;/mskmind_lung/348050/SCANS/2/DICOM;RIA_18-193_000_595;348050.0;1.0;/gpfs/mskmind_ess/data/LUNG_18-193/radiology_segments/348050_NH.mha;348050.0;2.0;1.0;0.0;3687775;3687775;soft tissue (spine);HobS18-920925890959;S18-5788;;;S18-5788;0;1;1;0.0;0.0;35.0;2.0;1.0;0.0;0.0;8.0;78.75;40.0;120.0;134.0;14.0;True;False;False
P-0027259;348051.0;R-230;230;1981635.0;3.0;1;79.5;6.0;1.6;1;1.9;69;Squamous;2;4;1;/mskmind_lung/348051/SCANS/2/DICOM;RIA_18-193_000_596;348051.0;1.0;/gpfs/mskmind_ess/data/LUNG_18-193/radiology_segments/348051_NH.mha;348051.0;3.0;1.0;5.0;4289968;4289968;soft tissue (gluteus);HobS18-513734668531;S18-27902;95.0;1.0;S18-6018;0;0;1;0.0;0.0;60.0;2.0;0.0;1.0;0.0;11.0;56.25;40.0;120.0;242.0;122.0;False;False;True
P-0028473;348053.0;R-233;233;1986208.0;4.2;1;45.0;3.4;17.4;0;;70;NOS;1;2;1;/mskmind_lung/348053/SCANS/2/DICOM;RIA_18-193_000_598;348053.0;1.0;/gpfs/mskmind_ess/data/LUNG_18-193/radiology_segments/348053_NH.mha;348053.0;3.0;1.0;10.0;sharedrive;HobS18-465556731372 PD-L1;adrenal;HobS18-465556731372;S18-10635;50.0;10.0;S18-10635;0;0;0;0.0;0.0;144.0;1.0;0.0;1.0;1.0;24.0;78.75;40.0;119.0;378.0;259.0;True;False;False
P-0031665;348054.0;R-234;234;1988324.0;3.2;1;67.5;2.9;3.0;1;6.0;71;Squamous;1;3;1;/mskmind_lung/348054/SCANS/2/DICOM;RIA_18-193_000_599;348054.0;1.0;/gpfs/mskmind_ess/data/LUNG_18-193/radiology_segments/348054_NH.mha;348054.0;1.0;1.0;0.0;3687783;3687783;chest wall;HobS18-619322818319;S18-35987;70.0;0.0;S18-35987;0;0;1;0.0;0.0;94.0;3.0;0.0;1.0;0.0;26.0;56.25;40.0;173.0;358.0;185.0;False;False;True
P-0028204;348055.0;R-235;235;1987848.0;3.9;2;90.0;1.8;1.3;1;;77;Squamous;1;4;1;/mskmind_lung/348055/SCANS/2/DICOM;RIA_18-193_000_600;348055.0;1.0;/gpfs/mskmind_ess/data/LUNG_18-193/radiology_segments/348055_NH.mha;348055.0;1.0;1.0;5.0;;;lung;HobS18-566738362381;S18-10308;;80.0;S18-10308;1;0;1;0.0;0.0;60.0;2.0;0.0;1.0;0.0;14.0;56.25;40.0;119.0;312.0;193.0;False;False;True
P-0028930;348056.0;R-236;236;1987864.0;3.9;2;25.0;2.7;4.3;1;6.7;70;Adenocarcinoma;1;2;1;/mskmind_lung/348056/SCANS/2/DICOM;RIA_18-193_000_601;348056.0;1.0;/gpfs/mskmind_ess/data/LUNG_18-193/radiology_segments/348056_NH.mha;348056.0;2.0;1.0;0.0;sharedrive;HobS18-946239921098 PD-L1;lymph node;HobS18-946239921098;C18-5884;50.0;5.0;C18-5884;0;1;0;0.0;0.0;61.0;2.0;0.0;1.0;0.0;18.0;78.75;40.0;120.0;346.0;226.0;False;False;True
P-0033892;348058.0;R-238;238;1990411.0;3.5;2;24.0;1.3;1.4;1;5.3;64;Adenocarcinoma;1;4;2;/mskmind_lung/348058/SCANS/2/DICOM;RIA_18-193_000_603;348058.0;0.0;;348058.0;;1.0;0.0;3687366;3687366;pleural fluid;HobS18-350373791335;C18-5349;95.0;0.0;C18-5349;0;1;1;1.0;0.0;58.0;2.0;0.0;1.0;0.0;;;;;;;;;
P-0045298;348059.0;R-240;240;1995324.0;3.6;1;;1.9;12.7;0;;74;Adenocarcinoma;1;2;1;/mskmind_lung/348059/SCANS/2/DICOM;RIA_18-193_000_604;348059.0;1.0;/gpfs/mskmind_ess/data/LUNG_18-193/radiology_segments/348059_NH.mha;348059.0;2.0;1.0;0.0;3687318;3687318;lung;HobS18-243518055648;S18-18419;95.0;0.0;S18-18419;1;1;0;1.0;0.0;74.0;2.0;0.0;1.0;0.0;33.0;56.25;40.0;379.0;379.0;0.0;False;False;True
P-0032455;348062.0;R-242;242;2001877.0;3.9;1;36.0;2.0;14.8;0;;64;Adenocarcinoma;2;2;2;/mskmind_lung/348062/SCANS/2/DICOM;RIA_18-193_000_607;348062.0;1.0;/gpfs/mskmind_ess/data/LUNG_18-193/radiology_segments/348062_NH.mha;348062.0;3.0;1.0;80.0;3687807;3687807;lymph node;HobS18-042424481685;C18-10324;95.0;90.0;C18-10324;0;1;0;1.0;0.0;111.0;1.0;0.0;1.0;0.0;14.0;56.25;40.0;158.0;354.0;196.0;True;False;False
P-0029593;348063.0;R-243;243;2001058.0;3.5;2;60.0;0.9;8.7;1;;75;Adenocarcinoma;1;4;1;/mskmind_lung/348063/SCANS/2/DICOM;RIA_18-193_000_608;348063.0;1.0;/gpfs/mskmind_ess/data/LUNG_18-193/radiology_segments/348063_NH.mha;348063.0;1.0;1.0;75.0;3687377;3687377;pleural fluid;HobS18-123476156864;C18-9221;95.0;80.0;C18-9221;0;1;1;0.0;0.0;22.0;1.0;0.0;1.0;0.0;15.0;56.25;40.0;119.0;272.0;153.0;False;False;True
P-0039832;348069.0;R-247;247;2037985.0;3.4;1;22.5;1.6;11.0;0;;75;Adenocarcinoma;1;2;2;/mskmind_lung/348069/SCANS/2/DICOM;RIA_18-193_000_614;348069.0;1.0;/gpfs/mskmind_ess/data/LUNG_18-193/radiology_segments/348069_NH.mha;348069.0;4.0;1.0;90.0;3687381;3687381;pleural fluid;HobS18-169847561081;C18-23248;50.0;95.0;C18-23248;0;1;0;0.0;0.0;102.0;1.0;0.0;1.0;0.0;18.0;56.25;40.0;210.0;380.0;170.0;False;False;True
